labels,Summary,Issue Type,Priority,Description,Sprint,Epic Name,Epic Link
LEAP1T1,Trade Database (Postgres),Epic,Medium,"*Acceptance Criteria:* \\  \\ * A normalised Postgres schema for accounts, instruments, orders and positions is designed by the team and version controlled as numbered migration files. \\ * One command takes an empty database to fully migrated and seeded, loading the seed data the team wrote. \\ * An ER diagram, index justifications and the historical trade data design are committed, and every team member can walk the model unaided. \\  \\ *Notes:* \\  \\ * This is the platform's memory. Sprint 6 writes orders to it, Sprint 7 settles against it, Sprint 9 renders what it returns. \\ * No schema file ships in contracts/ and no starter code ships on this branch. Contracts and infrastructure are provided; the migrations, the seed data, the apply command and the design documents are yours. \\ * Fundamentals of business software development are recapped inside this sprint rather than taught from scratch. \\ * Historical trade data is delivered as a documented design in DESIGN.md, not as built tables. \\ * Security focus: constraints enforced by the database rather than hoped for in application code, least-privilege roles for the application connection, no secrets in connection config (OWASP A03).",Sprint 3,S3 Trade Database,
LEAP1T1,Conceptual Data Model & ER Diagram,Story,High,"*Acceptance Criteria:* \\  \\ * Entities, attributes and relationships for the trading domain are identified from the domain brief rather than copied from a table list. \\ * One ER diagram in design/ shows every entity, its attributes, its keys, and the cardinality and optionality of every relationship. \\  \\ *Tasks:* \\  \\ Read the domain section of the sprint brief before drawing anything, including the entity states your seed data has to cover; that coverage list is a second description of the domain. \\  \\ Identify the entities and model the cardinality and optionality between them. \\  \\ Commit the diagram as Mermaid in design/er-diagram.md, or as an exported image, alongside a short data dictionary. \\  \\ *Notes:* \\  \\ * Mermaid is the better choice because it diffs in review and cannot drift out of the repository. \\ * Every member walks the whole diagram unaided at the review, not the part they drew.",Sprint 3,,S3 Trade Database
LEAP1T1,Normalised Relational Schema (1NF to 3NF),Story,Medium,*Acceptance Criteria:* \\  \\ * The schema is in third normal form with no redundant or transitive dependencies. \\ * Any deliberate denormalisation is documented in design/ with the reason for it. \\  \\ *Tasks:* \\  \\ Translate the ER diagram into a normalised relational design. \\  \\ Record the normalisation notes and any justified denormalisation in design/. \\  \\ *Notes:* \\  \\ * Third normal form is mandatory for this run and is not traded away for time.,Sprint 3,,S3 Trade Database
LEAP1T1,"Schema Migrations, Keys and Constraints",Story,High,"*Acceptance Criteria:* \\  \\ * The schema is created by numbered .sql files in migrations/, applied in filename order, and the database can be rebuilt from those files alone. \\ * Foreign keys and check constraints enforce the domain rules, including a unique constraint on the order idempotency key. \\ * At least three check constraints exist, one of them covering account state. \\  \\ *Tasks:* \\  \\ Create migrations/ and number the files from 001_, three digits, so the number is the order. \\  \\ Model the three account states, the reversible suspension and the closed account that is never deleted. \\  \\ Model an instrument that has stopped trading without removing the row, so that old orders still resolve. \\  \\ Record an order when it is received and allow exactly one terminal state; there is no half-filled state. \\  \\ Enforce idempotency with a database constraint rather than a read followed by a write, because two concurrent requests both pass a read-then-write check. \\  \\ Carry a version on the account row so that the second writer of a concurrent balance update discovers that it lost. \\  \\ Choose types that represent money exactly and apply them consistently. \\  \\ *Notes:* \\  \\ * Editing a migration in place is fine until the first design review. After it, change the schema by adding 002_, 003_ and so on: from Sprint 6 your teammates have databases with data in them. \\ * Sprint 6 depends on the unique violation being detectable, so design for that failure now.",Sprint 3,,S3 Trade Database
LEAP1T1,One-Command Apply Script,Story,High,"*Acceptance Criteria:* \\  \\ * One command takes an existing empty database to fully migrated and seeded, without prompting. \\ * The command reads its target from TARGET_DATABASE, falling back to POSTGRES_DB from the repository .env, and exits non-zero the moment anything fails. \\ * The command runs from the sprint folder with nothing else set for it, and the sprint README records what it is. \\  \\ *Tasks:* \\  \\ Write the apply command as a shell script around psql, a Python script or a Makefile target; any of the three is acceptable. \\  \\ Apply every file in migrations/ in filename order, then load every data file in seed/. \\  \\ Pass -v ON_ERROR_STOP=1 to psql, or a half-applied migration reports an error, carries on and exits zero. \\  \\ Fail the load rather than skipping a row that cannot be mapped, or a mapping bug becomes missing data nobody notices until Sprint 4 plots it. \\  \\ Copy the migration and seed loading into infra/postgres/ so that a fresh database container builds itself unattended from Sprint 6, following the initialisation convention in infra/postgres/README.md. \\  \\ *Notes:* \\  \\ * A command that works only after three variables have been exported by hand will fail for your teammates too. \\ * Run it often. A schema that only works because of something a teammate typed into psql on Tuesday will not survive the showcase.",Sprint 3,,S3 Trade Database
LEAP1T1,Author the Seed Data,Story,Medium,"*Acceptance Criteria:* \\  \\ * Seed data written by the team loads with one command after the migrations, in full, with referential integrity intact. \\ * It covers the entity states the rest of the programme depends on: accounts in all three states including one holding too little cash to afford a realistic order, an instrument that no longer trades, orders across the lifecycle states including at least one rejection, and holdings that reconcile against the filled orders that produced them. \\  \\ *Tasks:* \\  \\ Write the seed files into seed/ with a short data dictionary beside them, and decide the load order the foreign keys force on you. \\  \\ Decide how many tables the data belongs in, which column becomes a key, and what identifies an account internally; the loading is where those decisions get tested. \\  \\ Map the customer-facing account reference the orders carry onto whatever identifies an account internally, which is the mapping the Trade REST API performs in Sprint 6. \\  \\ Use symbols the Fauxnance API actually serves, so quotes resolve in Sprint 7 without a second pass over your own data. \\  \\ Keep the volumes small enough to read and large enough to be worth querying; six accounts and a dozen instruments go further than a generated thousand. \\  \\ *Notes:* \\  \\ * Every state in the coverage list exists to make an error path reachable somewhere later in the programme. An account that can afford everything makes the insufficient-funds rejection in Sprint 6 unreachable, and an instrument that always trades hides the check beside it. \\ * Sprint 4 and Sprint 7 both read this data. Thin seed data is a fortnight of friction later.",Sprint 3,,S3 Trade Database
LEAP1T1,The Six Named Queries and the Index Justifications,Story,Medium,"*Acceptance Criteria:* \\  \\ * The six named queries are written in SQL, run against the loaded data, and return sensible answers. \\ * At least three indexes exist and each is justified by one of the named queries, in design/indexes.md. \\  \\ *Tasks:* \\  \\ Write the six queries from the brief and run EXPLAIN ANALYZE on each before and after adding an index. \\  \\ Justify three indexes against three of queries 1 to 5: name the query, state what the plan does with and without the index, and say what the index costs on write. \\  \\ Record any query that needs no new index because a key you already declared serves it, with the plan that proves it. \\  \\ Answer query 6 with a window function or a common table expression; it earns no index and is brought to the review. \\  \\ *Notes:* \\  \\ * An index is paid for on every insert and every update to the columns it covers, and orders is the most write-heavy table you have. \\ * It seemed likely to help is not a justification.",Sprint 3,,S3 Trade Database
LEAP1T1,Historical Trade Data Design (DESIGN.md),Story,Medium,"*Acceptance Criteria:* \\  \\ * DESIGN.md covers what is retained about an executed trade beyond what the order carries, at what grain, how it is populated and by which component. \\ * It covers how the Sprint 7 extract pulls incrementally rather than scanning the whole history, how the design behaves at a hundred times the volume, and what it costs on write and in operational complexity. \\  \\ *Tasks:* \\  \\ Write two pages in DESIGN.md covering retention grain, population, incremental extraction, growth and cost. \\  \\ State a position on partitioning, archival and retention, or make a defensible argument that none of it is needed yet. \\  \\ *Notes:* \\  \\ * Reduced for this cohort to a documented design rather than a built implementation. It is discussed at the design review, and a decision you can defend beats a diagram nobody can explain.",Sprint 3,,S3 Trade Database
LEAP1T1,Duplicate Key and Orphan Row Refused by the Database,Story,Medium,"*Acceptance Criteria:* \\  \\ * A second insert carrying an idempotency key that already exists is refused by the database with SQLSTATE 23505. \\ * An insert referencing a parent row that does not exist is refused by the database with SQLSTATE 23503. \\  \\ *Tasks:* \\  \\ Write the two inserts once the first migration exists and keep them beside the migrations, so anyone on the team can reproduce either refusal. \\  \\ Run them against a scratch database built from the migration and seed files rather than against the one your team is working in. \\  \\ *Notes:* \\  \\ * Both refusals belong to the database. An application check that produces the same message is a different thing, and it stops holding the moment a second process writes. \\ * Getting both is necessary and not sufficient. Neither tells you whether the schema is in third normal form or whether an index is justified rather than merely present.",Sprint 3,,S3 Trade Database
LEAP1T1,Analytics & Ingestion Pipeline (Python),Epic,Medium,"*Acceptance Criteria:* \\  \\ * Three or more business claims, each supported by a chart a non-technical reader can read unaided. \\ * Ingestion is separated into extract, transform and load functions, in three modules of one installable Python project. \\ * Fauxnance candles are pulled through GET /candles/{symbol} with the key read from the environment, and pytest covers at least the transform including one malformed-input case. \\  \\ *Notes:* \\  \\ * No project skeleton ships with this sprint. The team sets one up; the fixtures and the malformed payload are provided. \\ * The symbol universe must include at least two NSE or BSE instruments so that the cohort analyses a market it knows. \\ * The test suite never touches the network. fixtures/ holds three canned responses in the real envelope shape, one of them deliberately corrupted. \\ * Sprint 7 extends this project rather than replacing it, so choose libraries you are willing to live with for the rest of the programme. \\ * Security focus: validation and data quality checks (OWASP A08), and a key that is read from the environment and never reaches the repository.",Sprint 4,S4 Analytics & ETL,
LEAP1T1,Python Project and the Engineering Contract,Story,Medium,"*Acceptance Criteria:* \\  \\ * pip install -e sprint-04-analytics-etl works from the repository root on a machine that has never seen your code. \\ * The project declares a dev optional dependency group that brings pytest, and pytest run from the folder finds the suite in tests/. \\  \\ *Tasks:* \\  \\ Set up the packaging metadata, choosing the package name, module names, build backend and dependency set yourself. \\  \\ Record the package name, the three pipeline functions and the malformed-input test in the sprint README, and be ready to explain the naming at the review. \\  \\ Give the pipeline an entry point a teammate can run without reading the source, and say which in a note at the bottom of claims.md.",Sprint 4,,S4 Analytics & ETL
LEAP1T1,"Fauxnance Client, Key Handling and Caching",Story,High,"*Acceptance Criteria:* \\  \\ * Candles are pulled through GET /candles/{symbol} with the key sent in the X-Api-Key header and read from FAUXNANCE_API_KEY. \\ * Raw responses are cached to disk keyed by symbol and range, so that re-running the pipeline costs nothing against the quota. \\  \\ *Tasks:* \\  \\ Read the key from the environment only. It is never a literal in source, a test, a fixture or a committed notebook. \\  \\ Cache the raw response rather than the cleaned frame, because changing the transform is what you will do most this week. \\  \\ Check GET /usage before assuming the API is broken, and GET /health, which needs no key, before assuming anything at all. \\  \\ *Notes:* \\  \\ * The quota is 2000 requests per day per key. A year of daily candles for one symbol is one request, so a team that runs out this week has a pull inside a loop that should have been a cache lookup. \\ * A key that reaches a commit has to be revoked, and the history keeps it whether or not you revoke it.",Sprint 4,,S4 Analytics & ETL
LEAP1T1,Symbol Universe including NSE or BSE Instruments,Story,Medium,"*Acceptance Criteria:* \\  \\ * The symbols in scope include at least two NSE or BSE instruments. \\ * The universe is small enough to produce three claims you can stand behind in the time available. \\  \\ *Tasks:* \\  \\ Choose the symbol universe and record it with the reason for each entry. \\  \\ Include Indian symbols such as INFY.NS, RELIANCE.NS or TATASTEEL.BO, all of which price through Fauxnance. \\  \\ *Notes:* \\  \\ * A chart is easier to sanity-check when you already know roughly what the numbers should look like, and a claim about a market you follow is easier to defend in the review.",Sprint 4,,S4 Analytics & ETL
LEAP1T1,"Extract, Transform and Load as Three Modules",Story,High,"*Acceptance Criteria:* \\  \\ * Extract, transform and load are importable callables living in three distinct modules, wired together by a fourth that does nothing else. \\ * Transform opens no socket, reads no environment variable and writes nowhere; load is the only part that writes. \\  \\ *Tasks:* \\  \\ Write extract to obtain raw responses and hand them on unchanged; it is the only part that needs a key and a network. \\  \\ Write transform to take data and return data: parsing, typing, cleaning, aggregating, deriving. \\  \\ Write load to write the result into the analytical store. \\  \\ *Notes:* \\  \\ * The split earns its keep the first time a number comes out wrong. One function that fetches, cleans and writes gives you no way to ask which third of it was wrong.",Sprint 4,,S4 Analytics & ETL
LEAP1T1,Error Handling for the Four Failure Modes,Story,High,"*Acceptance Criteria:* \\  \\ * Rate-limit and error handling are present and tell the four failure modes apart; a bare try around the whole run does not meet the criterion. \\ * A log line lets a teammate tell which of the four happened without rerunning the pipeline, and the key never appears in a log. \\  \\ *Tasks:* \\  \\ On 429, stop and say so plainly, reading Retry-After; sleeping until midnight inside a batch run is not recovery. \\  \\ On another 4xx, fail that symbol, keep the message and carry on with the others; retrying repeats the mistake. \\  \\ On a connection error or timeout, retry with a growing backoff and give up after a small number of attempts. \\  \\ On a 200 carrying a bad payload, hand the decision to the transform: dropping, quarantining and raising are all defensible.",Sprint 4,,S4 Analytics & ETL
LEAP1T1,Transform Tests against the Provided Fixtures,Story,High,"*Acceptance Criteria:* \\  \\ * pytest covers at least the transform, including one malformed-input case, and the suite never touches the network. \\ * The malformed-input test is named in the sprint README as a pytest node id and passes when run on its own. \\  \\ *Tasks:* \\  \\ Read the canned responses from fixtures/ from disk, or wrap them in a pytest fixture of your own. \\  \\ Read fixtures/README.md, decide what your transform does with each of the six defects in the malformed payload, then assert it. \\  \\ Write the transform tests as you write the transform, not on the last evening. \\  \\ *Unit Test Execution Paths:* \\  \\ # valid input transforms to expected output \\ # missing required field is rejected \\ # out-of-range value is flagged \\ # a high below its low is not loaded \\ # empty dataset handled without error \\  \\ *Notes:* \\  \\ * Dropping a row, quarantining it and raising are not equally defensible for all six defects. What is not defensible is loading a row that says a share traded at a high below its low and then drawing a chart from it.",Sprint 4,,S4 Analytics & ETL
LEAP1T1,Three Business Claims and the Charts that Support Them,Story,High,"*Acceptance Criteria:* \\  \\ * Three or more insights are stated as business claims in claims.md, each naming the chart artefact that supports it. \\ * Each chart has both axes labelled with units, a title that states the finding, and no unexplained abbreviation or ticker without a company name. \\ * The chart artefacts open with no network and no build step. \\  \\ *Tasks:* \\  \\ Write each claim as a sentence about the business that could turn out to be wrong: what is true, of what, over what period, and by how much. \\  \\ Compute candidates such as traded volume by date, exposure by instrument and average trade size over a period. \\  \\ Commit one artefact per claim, or one file holding all three charts, and point at a chart inside a combined file with a fragment. \\  \\ *Notes:* \\  \\ * A chart description is not a claim. It tells the reader what the picture is of and leaves them to work out whether anything follows. \\ * The reader has your chart and no access to you.",Sprint 4,,S4 Analytics & ETL
LEAP1T1,Define and Load the Analytical Store,Story,Medium,"*Acceptance Criteria:* \\  \\ * The dimensional model in contracts/analytics-schema.sql is created in the analytical store and the prepared data loads into it. \\ * The star schema and its grain are documented. \\  \\ *Tasks:* \\  \\ Create DIM_ACCOUNT, DIM_INSTRUMENT, DIM_DATE and FACT_TRADES from the provided schema. \\  \\ Load dimensions before facts, because a fact row referencing a key that does not exist yet fails for a reason that reads like something else. \\  \\ *Notes:* \\  \\ * The analytical store is DuckDB: one file on disk, no server, no account and no credentials. contracts/analytics-schema.sql is plain ANSI SQL and runs on it unchanged, which is what would let the same model move to a hosted warehouse without a rewrite. The model and the load are what is assessed, not the store. \\ * This schema is the load target for the Sprint 7 batch load.",Sprint 4,,S4 Analytics & ETL
LEAP1T1,Trading Domain Engine (Java & OOAD),Epic,Medium,"*Acceptance Criteria:* \\  \\ * The trading domain engine is built in Java 21: four entities, three enumerations, the order request DTO, an exception hierarchy covering six cases, and business rules 1 to 8. \\ * The rules live in the domain and not in a caller, and no database, HTTP or Spring dependency reaches the module. \\ * Tests are written before implementation, evidenced in commit history, and the three named test classes are green. \\  \\ *Notes:* \\  \\ * There are no stubs and no project skeleton. Designing these types from the requirements is the assessment. \\ * Core Java is a refresher for this cohort. What is assessed is the design, the evaluation order, the diagrams and the test-first discipline. \\ * Transport changes twice in the next fortnight: Sprint 6 calls these rules from a controller and Sprint 7 applies them again in a Kafka consumer, which is why they live in a plain Java package neither caller can bend. \\ * Security focus: validation in the domain model, defensive coding, and an error message that leaks no internal detail (OWASP A05).",Sprint 5,S5 Domain Engine,
LEAP1T1,Maven Project and the Dependency Ban,Story,Medium,"*Acceptance Criteria:* \\  \\ * One Maven project rooted in the sprint folder builds with mvn clean test-compile on a machine that has never seen your code. \\ * jakarta.validation-api is the only non-test dependency; Spring, a servlet API, a JDBC driver, MyBatis and a connection pool are absent from the dependency tree, including transitively. \\  \\ *Tasks:* \\  \\ Set up the project on Java 21 with JUnit 5 and surefire, sources under src/main/java and tests under src/test/java, below one base package the team chooses and records in the sprint README. \\  \\ Ban the forbidden dependencies in your own build with the enforcer plugin's bannedDependencies rule, so a failing build tells whoever added one why. \\  \\ Keep the base package name stable. Sprint 6 takes these sources into the Trade REST API under that name, so there is nothing to install and no coordinates to agree. \\  \\ *Notes:* \\  \\ * Bean Validation annotations are declarations rather than behaviour, which is why they are the one framework the architecture allows inside the domain.",Sprint 5,,S5 Domain Engine
LEAP1T1,Domain Modelling (UML Class and Sequence Diagrams),Story,High,"*Acceptance Criteria:* \\  \\ * A class diagram in design/ shows every type you wrote, its fields, the operations that carry behaviour, the enumerations, the exception hierarchy and the relationships with their cardinality. \\ * A sequence diagram shows one order arriving at the domain and the eight rules being evaluated in order, including where each failure leaves the flow. \\ * Both diagrams match the code and are walked in both directions at the review. \\  \\ *Tasks:* \\  \\ Draw the class diagram of your design, not of the model the brief describes. \\  \\ Draw the refusal paths on the sequence diagram; an order sailing through eight boxes and coming out accepted has not documented the interesting half. \\  \\ Commit Mermaid in design/class-diagram.md and design/sequence-diagram.md, or commit an exported image rather than a link to a cloud document. \\  \\ Update the diagrams when the code moves.",Sprint 5,,S5 Domain Engine
LEAP1T1,Domain Entities,Story,High,"*Acceptance Criteria:* \\  \\ * Account, Instrument, Order and Position are implemented and match the domain model. \\ * A debit that would leave the balance negative is refused before anything is subtracted, and money is decimal at two places rather than a double. \\ * A position never goes negative and an order reaches exactly one terminal state, with a disallowed transition refused by the order itself. \\  \\ *Tasks:* \\  \\ Give Account the cash balance, the holder, the trading status and the only operations that move that balance, plus the answer to whether it can afford an amount. \\  \\ Carry both account identifiers and keep them distinct: the numeric key is what accountId means everywhere in the API and in the JWT claim, and the string reference is what a support call quotes. \\  \\ Have the account report the version it was loaded at; the domain does not take the lock. \\  \\ Give Instrument the symbol in the Fauxnance scheme, the display name, the asset class, the currency of quotation and the answer to whether it may be traded. \\  \\ Make delisting a flag rather than a deleted row, because the order history references the symbol and that history is the audit trail. \\  \\ Implement the asymmetric average cost rule: a buy recalculates the average across the old holding and the new units, a sell reduces the quantity and leaves the average alone. \\  \\ *Notes:* \\  \\ * The limit price is what the customer submitted. The executed price is what the Trade Executor achieves against a live quote in Sprint 7 and does not exist until the order is filled.",Sprint 5,,S5 Domain Engine
LEAP1T1,Domain Enumerations,Story,Medium,"*Acceptance Criteria:* \\  \\ * AccountStatus, OrderSide and OrderStatus each hold exactly the contractual literals, no more and no fewer. \\  \\ *Tasks:* \\  \\ Create AccountStatus with ACTIVE, SUSPENDED and CLOSED. \\  \\ Create OrderSide with BUY and SELL. \\  \\ Create OrderStatus with NEW, FILLED, REJECTED and CANCELLED, spelling CANCELLED with two Ls. \\  \\ *Notes:* \\  \\ * These appear in contracts/trade-api.yaml, the database stores the same strings, and Sprint 9 generates its types from that file, so a renamed or extra literal breaks three places at once. \\ * There is no partial-fill literal, which is why the Trade Executor fills in full or rejects.",Sprint 5,,S5 Domain Engine
LEAP1T1,Order Request DTO with Validation,Story,High,"*Acceptance Criteria:* \\  \\ * The order request DTO carries the six fields and every constraint the contract fixes on them. \\ * Every constraint is enforced and tested, including the boundary either side of each limit. \\  \\ *Tasks:* \\  \\ Model the DTO on the PlaceOrderRequest schema in contracts/trade-api.yaml, which is binding. \\  \\ Constrain the account key, the symbol, the side, the quantity, the price and the idempotency key as the contract states. \\  \\ Validate by annotation or by hand; either is allowed, and what is assessed is that the constraints hold. \\  \\ *Unit Test Execution Paths:* \\  \\ # valid request passes validation \\ # null required field is rejected \\ # non-positive quantity is rejected \\ # non-positive price is rejected \\ # a value one step either side of each limit behaves as specified \\  \\ *Notes:* \\  \\ * These are business constraints rather than transport constraints, which is why the DTO lives here and not in the Sprint 6 service.",Sprint 5,,S5 Domain Engine
LEAP1T1,Exception Hierarchy,Story,High,"*Acceptance Criteria:* \\  \\ * Six exception types cover the six specified cases, all descending from a single domain base type. \\ * The base type carries the catalogue code and not an HTTP status, and the message is the catalogue message and nothing else. \\  \\ *Tasks:* \\  \\ Create one type each for account not found, account not active, instrument not found, insufficient funds, insufficient holdings and duplicate order. \\  \\ Put anything an investigation needs on a typed field of the exception, logged on the server, rather than in the message. \\  \\ Decide what happens when a quantity or a price is out of range, given that the list of six has no member for it, and be ready to say what happens when the caller is the Trade Executor replaying an order and never ran a validator. \\  \\ Record your six exception class names in the sprint README against the cases they cover. \\  \\ *Notes:* \\  \\ * One code can mean two things and one case can carry two codes, and neither is an accident. Sprint 6 maps the code to an HTTP status in one place and Sprint 7 maps it to a rejection reason on a Kafka event. \\ * Leaking internal detail in an error body is OWASP A05.",Sprint 5,,S5 Domain Engine
LEAP1T1,Business Rules 1 to 8,Story,High,"*Acceptance Criteria:* \\  \\ * Business rules 1 to 8 are implemented in the domain rather than in a controller, enforced in the stated order, and the first failure wins. \\ * A request breaking two rules receives the code of the first: a suspended account holding no cash gets ACC-403 rather than ORD-400. \\  \\ *Tasks:* \\  \\ Enforce existence, then active status, then a tradable instrument, then quantity, then price, then affordability on a buy, then held quantity on a sell, then the idempotency key. \\  \\ Check quantity and price in the rules as well as on the DTO, because the domain has to hold for a caller that never ran a validator. \\  \\ Leave room for the two rules that carry no code this sprint: cash and position move together or neither moves, and every order is recorded, including a rejected one. \\  \\ Design a seam that makes the idempotency rule expressible and testable here without a database, since in Sprint 6 the authority is the unique constraint you built in Sprint 3. \\  \\ *Unit Test Execution Paths:* \\  \\ # buy succeeds and updates cash and position \\ # buy rejected on insufficient funds \\ # sell rejected on insufficient holdings \\ # order rejected on an account that does not exist \\ # order rejected on an inactive account \\ # order rejected on an unknown or non-tradable instrument \\ # duplicate idempotency key rejected \\ # a request breaking two rules returns the code of the first \\  \\ *Notes:* \\  \\ * Rules in a controller get reimplemented by the Trade Executor, the copies drift, and the first drift accepts an order the executor then refuses.",Sprint 5,,S5 Domain Engine
LEAP1T1,Test-First JUnit Suite,Story,High,"*Acceptance Criteria:* \\  \\ * AccountTest, OrderLogicTest and PlaceOrderRequestValidationTest are all green, with at least 24 tests across the three. \\ * The commit history shows the test for a rule in an earlier commit than the code that satisfies it. \\  \\ *Tasks:* \\  \\ Write AccountTest over status, debit, credit, affordability, the refusal to go negative, and money that does not drift over many operations. \\  \\ Write OrderLogicTest over each of the eight rules firing and not firing, plus the evaluation order itself. \\  \\ Write PlaceOrderRequestValidationTest over every DTO constraint, including the boundary either side of each limit. \\  \\ Commit in small pieces so the history can show the discipline. \\  \\ *Notes:* \\  \\ * A single unit test is one class, one method, one execution path; cover error paths as isolated tests. \\ * A history in which a rule and its test first appear together does not meet the criterion, and one commit at the end of the week holding the whole module fails it outright.",Sprint 5,,S5 Domain Engine
LEAP1T1,Trade REST API (Spring Boot),Epic,Medium,"*Acceptance Criteria:* \\  \\ * All six endpoints implement contracts/trade-api.yaml, including the error envelope and every code in the catalogue. \\ * Layering is enforced, MyBatis mappers use parameterised statements throughout, order placement is transactional, and optimistic locking is applied on the account version. \\ * A protected route rejects a missing or invalid token with AUTH-401, and the service builds and runs from a multi-stage Dockerfile. \\  \\ *Notes:* \\  \\ * No starter code, no stubs and no project skeleton ship. Deciding what belongs in which layer is most of what this sprint assesses. \\ * contracts/trade-api.yaml is provided and is neither authored nor changed by the team; OpenAPI-first is assessed against the provided contract. \\ * No token issuer is supplied. Tokens are minted by a team-owned test fixture that follows contracts/auth-api.yaml and is never deployed as a service. Sprint 8 adds the real service. \\ * GitHub Copilot is introduced this sprint for this cohort. What it produces is assessed exactly as anything you typed, and a generated mapper that interpolates a symbol is a finding under your name. Keep a short walkthrough note for generated code you keep. \\ * Security focus: verification before any claim is read, Bean Validation on request DTOs, and no stack trace or internal detail in a response body (OWASP A01, A03, A05).",Sprint 6,S6 Trade REST API,
LEAP1T1,Spring Boot Project and the Engineering Contract,Story,Medium,"*Acceptance Criteria:* \\  \\ * One Maven project rooted in the sprint folder builds with mvn clean verify on a machine that has never seen your code. \\ * The Sprint 5 domain sources sit in this project under the same base package, and JWT_SECRET is read from the environment and appears in no committed file. \\  \\ *Tasks:* \\  \\ Set the project up on Java 21 with Spring Boot 3.5.x, the web and validation starters, the MyBatis starter and the Postgres driver. \\  \\ Copy the Sprint 5 sources into this project rather than depending on the Sprint 5 build. A clean checkout builds with one command from this folder, and there is no install step to forget when the domain changes. \\  \\ Record the base package, the controller sub-package and the mapper sub-package in the sprint README; the layering rule is read against them at the review.",Sprint 6,,S6 Trade REST API
LEAP1T1,Implement the Provided Trade API Contract,Story,High,"*Acceptance Criteria:* \\  \\ * The six operations answer at the paths, verbs and status codes the contract fixes, with response bodies matching the contract schemas field for field. \\ * Every failure leaves as the error envelope and nothing else: no whitelabel page, no stack trace, no bare status with an empty body. \\  \\ *Tasks:* \\  \\ Read contracts/trade-api.yaml and map every operation onto a controller method. \\  \\ Return the error envelope on every failure path so that Sprint 9 keeps one error handler for the whole platform. \\  \\ Note that AccountResponse.accountId is the one place in the platform where that name means the string business reference rather than the numeric key. \\  \\ *Notes:* \\  \\ * The contract exists so that Sprint 9 can generate a typed client without reading your Java. It is the thing you build, not documentation of something you build.",Sprint 6,,S6 Trade REST API
LEAP1T1,"Layered Controller, Service and Mapper Structure",Story,High,"*Acceptance Criteria:* \\  \\ * Controllers hold no SQL, open no transaction and carry no business rule, and import nothing from the mapper package, java.sql, javax.sql, MyBatis, Spring JDBC or a persistence API. \\ * The service takes no servlet type, request object or status code as a parameter, and the domain module carries no HTTP type. \\  \\ *Tasks:* \\  \\ Put controllers in one sub-package and mappers in another, and keep the service between them. \\  \\ Wire dependency injection between the layers. \\  \\ Check that the domain package references no servlet, Spring or MyBatis type, now that it sits in this build and no module boundary stops it. \\  \\ *Notes:* \\  \\ * The Trade Executor in Sprint 7 has no HTTP request and needs the same rules unchanged, so a rule taking a request DTO has bound the rules to one caller.",Sprint 6,,S6 Trade REST API
LEAP1T1,MyBatis Mappers with Parameterised Statements,Story,High,"*Acceptance Criteria:* \\  \\ * Every value arriving from outside is bound as a JDBC bind parameter, and no mapper interpolates a string into a statement. \\ * Result sets map cleanly onto the domain and DTO objects. \\  \\ *Tasks:* \\  \\ Write the mappers in XML under src/main/resources/mapper/ or in annotations on the mapper interface; either style is acceptable. \\  \\ Bind the account key, the symbol, the status filter and the timestamps as parameters, never as text substituted into the statement. \\  \\ If a column name or sort direction genuinely cannot be a bind parameter, check it against a fixed list of permitted names first and record it in the sprint README as an allowlist entry, with a note saying what does that checking. \\  \\ *Unit Test Execution Paths:* \\  \\ # order row inserted and retrievable \\ # account and positions read correctly \\ # mapper reports the affected row count rather than returning void \\ # mapper surfaces a constraint violation rather than swallowing it \\  \\ *Notes:* \\  \\ * A symbol of AAPL' OR '1'='1 substituted into a statement becomes part of that statement, and the positions that come back are whichever account the attacker asked for. That is OWASP A03. \\ * An allowlist entry is a question the review asks.",Sprint 6,,S6 Trade REST API
LEAP1T1,Order Placement: One Transaction and Optimistic Locking,Story,High,"*Acceptance Criteria:* \\  \\ * Order placement is transactional, so cash and position move together or neither moves. \\ * The update names the version the account row held when it was read and increments it; zero rows affected is refused with ORD-409 rather than treated as success. \\  \\ *Tasks:* \\  \\ Annotate the order placement path with @Transactional and keep the transaction around the work that has to be atomic and no more. \\  \\ Read the version with the row and return the affected row count from the mapper, because a mapper returning void has thrown away the only evidence that anything happened. \\  \\ Make the cancel transition conditional on the state you expect, in one statement. \\  \\ *Unit Test Execution Paths:* \\  \\ # place order commits cash and position together \\ # failed order rolls back with no partial write \\ # a concurrent update is detected and the second writer is refused \\ # cancelling a filled order returns ORD-409 \\  \\ *Notes:* \\  \\ * Without the lock, two buys of 20,000 against a balance of 25,000 both read the row, both write the same figure back, and nothing reports it until somebody reconciles the cash the next morning.",Sprint 6,,S6 Trade REST API
LEAP1T1,Account and Portfolio Read Endpoints,Story,Medium,"*Acceptance Criteria:* \\  \\ * The account read endpoints expose account details, cash balance, positions and order history, shaped by the contract schemas. \\  \\ *Tasks:* \\  \\ Implement the read operations the contract defines and shape the responses through the DTOs. \\  \\ Answer ACC-404 for an unknown account and ACC-403 where the token does not reach the account. \\  \\ *Unit Test Execution Paths:* \\  \\ # account, balance, positions and order history returned successfully \\ # unknown account returns ACC-404 \\ # an account the token does not reach returns ACC-403 \\  \\ *Integration Test* \\  \\ Exercise the read flows through the real controller, service and MyBatis persistence against Postgres. \\  \\ *Notes:* \\  \\ * Balance and positions are exposed here on the account endpoints. There is no separate Sprint 6 portfolio service; the Sprint 10 extension is a distinct service that adds valuation and profit and loss.",Sprint 6,,S6 Trade REST API
LEAP1T1,Global Exception Handler and the Error Catalogue,Story,High,"*Acceptance Criteria:* \\  \\ * A @ControllerAdvice maps every domain exception to its documented code and HTTP status, with no stack trace or internal detail in the body. \\ * The message is written for a human reading a screen: no class name, no SQL fragment, no account key, no internal identifier. \\  \\ *Tasks:* \\  \\ Map ACC-404 to 404, ACC-403 to 403, INS-404 to 404, ORD-400 to 400, ORD-409 to 409, VAL-422 to 422 and AUTH-401 to 401. \\  \\ Log what an investigation needs on the server rather than returning it. \\  \\ Confirm that clients can branch on the code, since 404 and 409 each carry more than one code. \\  \\ *Unit Test Execution Paths:* \\  \\ # account not found maps to ACC-404 with status 404 \\ # inactive account maps to ACC-403 with status 403 \\ # unknown instrument maps to INS-404 with status 404 \\ # insufficient funds maps to ORD-400 with status 400 \\ # reused idempotency key maps to ORD-409 with status 409 \\ # invalid input maps to VAL-422 with status 422",Sprint 6,,S6 Trade REST API
LEAP1T1,JWT Verification against a Team-Owned Token Fixture,Story,High,"*Acceptance Criteria:* \\  \\ * Every route under the API prefix is answered for token validity once, before any controller runs. \\ * A missing header, a wrong scheme, an expired token and a forged signature all return AUTH-401 with the same body. \\ * A token that does not reach the addressed account returns ACC-403 with the same message a suspended account gets. \\  \\ *Tasks:* \\  \\ Check the signature, the expiry and the algorithm the token asks for, in that order, before reading a claim. \\  \\ Build a team-owned test fixture that mints signed tokens following contracts/auth-api.yaml, and read the signing secret from JWT_SECRET in the environment. The fixture is test scope only and is never deployed as a service. \\  \\ Answer authorisation where the account key is known, not in the filter. \\  \\ *Notes:* \\  \\ * A verifier that decodes the payload first has already trusted whatever the client sent. \\ * A more specific message tells an attacker which of the four failures they got, and the identical ACC-403 message stops anyone enumerating account keys. \\ * Sprint 8 adds the real auth service as a configuration change. If yours needs a code change, something is coupled to your fixture rather than to the token contract, and that is worth finding now.",Sprint 6,,S6 Trade REST API
LEAP1T1,Multi-Stage Dockerfile and the Orchestration Entry,Story,Medium,"*Acceptance Criteria:* \\  \\ * The service builds and runs from a multi-stage Dockerfile whose final stage is not a build image and does not run as root. \\ * Your team's local orchestration starts the service, which resolves Postgres by service name and reports healthy. \\  \\ *Tasks:* \\  \\ Build the jar in a stage carrying Maven and a JDK, and take it into a stage carrying a Java runtime and neither of the other two. \\  \\ Order the copies so that changing a source file does not invalidate the resolved-dependency layer. \\  \\ Build one project inside the image build. The domain package is part of these sources, so there is no second project to install first and no local Maven repository for the build to reach. \\  \\ Add the service to your team's local orchestration, on the network it defines, with a published port, database and JWT_SECRET values from the environment, a dependency on Postgres being healthy, and a health check of its own. \\  \\ *Notes:* \\  \\ * Every tool in an image is a tool available to whoever gets into the container, which is the reason to care rather than disk. \\ * Nothing this sprint needs Kafka.",Sprint 6,,S6 Trade REST API
LEAP1T1,"Event Backbone (Kafka, Trade Executor & Batch Load)",Epic,Medium,"*Acceptance Criteria:* \\  \\ * The team creates the three topics and their dead-letter counterparts with the contracted names, partition counts and retention, and records why each partition count and key was chosen. The Trade REST API publishes to orders and returns NEW. \\ * The Trade Executor consumes, prices against a live Fauxnance quote, applies the fill or reject rule, updates order, cash and position in one transaction, and publishes to trade-events. \\ * Replaying a duplicate message does not double-debit an account and the team can demonstrate it; the poller batches up to 25 symbols and stays inside the quota; one incremental load reaches FACT_TRADES with dead-letter handling; the SonarQube gate passes. \\  \\ *Notes:* \\  \\ * There is no Broker Simulator on this platform and there will not be one. The team builds the execution venue, and it is the only component that decides whether an order fills. \\ * Monday is Ganesh Chaturthi, so this is a four-taught-day week. Create the topics first, then the change to the Sprint 6 service with its characterisation tests committed ahead of it, then the executor with the poller scheduled inside it, which is most of the week, then the batch load alongside the last day. \\ * No starter code, no project skeleton and no topic-creation tooling ship. Deciding how the executor is decomposed, where the fill rule lives inside it and where the poll schedule sits beside it, is most of what this sprint assesses. \\ * Characterisation tests are written around the team's own Sprint 6 code. This branch ships clean stubs and there is no planted starter codebase to refactor. \\ * The batch load is reduced for this cohort to a single incremental load into FACT_TRADES and its dimensions: no scheduler, no orchestration, no history rebuild and no reconciliation job. \\ * The Trade Executor is the only service that calls Fauxnance for quotes, so it is the only one that reads the key. The poller inside it draws on the same 2000-request allowance, and a poller that spends all of it leaves the fill pricing with nothing. \\ * Security focus: DevSecOps scanning run locally as scripts, covering SAST, dependency scanning and secret detection, and the SonarQube quality gate (OWASP A06, A08).",Sprint 7,S7 Event Backbone,
LEAP1T1,Three Kafka Topics and the Message Envelope,Story,Medium,"*Acceptance Criteria:* \\  \\ * The orders, trade-events and market-data topics exist with the keys and partition counts contracts/kafka-topics.md fixes, alongside their dead-letter topics. \\ * Every message carries the five-field envelope, and a written justification of the partition counts and the key choices is committed and can be defended by any member of the team at the review. \\  \\ *Tasks:* \\  \\ Create orders and trade-events keyed by the account, and market-data keyed by the symbol, with the partition counts the contract fixes. \\  \\ Create the three dead-letter topics explicitly; auto-creation is off because it produces a one-partition topic with the wrong retention and nothing tells you it happened. Nothing in the repository creates any of these for you. \\  \\ Document why the key decides the partition and the partition decides the ordering, and why keying orders by order identifier would throw the guarantee away. \\  \\ Decide where the creation command lives and what runs it, and record it beside your decisions so anyone on the team can rerun it. How the topics are made is yours; that they exist with the contracted names and partition counts is not. \\  \\ Write consumers that ignore fields they do not recognise, since one that fails on an unknown field turns an additive change into an outage. \\  \\ *Notes:* \\  \\ * Partitions can be increased and never decreased, and increasing them rehashes the keys, so an account's history splits from that point onwards.",Sprint 7,,S7 Event Backbone
LEAP1T1,Characterisation Tests on Your Own Sprint 6 Code,Story,High,"*Acceptance Criteria:* \\  \\ * Characterisation tests pin the Sprint 6 order placement path and are committed before that service is changed. \\ * The first commit adding a file under the characterisation test directory is a proper ancestor of the first commit that changes the Sprint 6 sources. \\  \\ *Tasks:* \\  \\ Record what the service does now, including the parts you disagree with, rather than what you think it should do. \\  \\ Pin what comes back for an affordable order field by field including the status, and which code and status come back for a reused idempotency key, an unaffordable buy, an unknown symbol and an account that is not ACTIVE. \\  \\ Pin what is written to the order row, the cash and the position when an order is accepted. \\  \\ Keep them in one package of their own, named in the sprint README, and commit them before the change. \\  \\ Where the change deliberately alters a pinned behaviour, change that test in the same commit as the change and say so in the message. \\  \\ *Notes:* \\  \\ * You cannot write one afterwards: a test written against changed code records the behaviour of the changed code, which is the one thing it cannot then be used to check. \\ * Tests and a change to the service in the same commit do not satisfy the criterion. Neither does a history where the service was changed first and pinned afterwards. \\ * Three tests is the floor, and it is a floor rather than a target.",Sprint 7,,S7 Event Backbone
LEAP1T1,Trade REST API Publishes ORDER_PLACED and Answers NEW,Story,High,"*Acceptance Criteria:* \\  \\ * POST to the orders endpoint writes the order at NEW, answers NEW, and publishes ORDER_PLACED to the orders topic keyed by the account. \\ * The event is published after the transaction commits, not inside it. \\ * Nothing else about the service changes: validation, layering, the error catalogue, the optimistic lock and token verification all stay as they are. \\  \\ *Tasks:* \\  \\ Remove the synchronous fill from the endpoint; there is no price in that request and pricing is the executor's job. \\  \\ Configure the producer with acks=all, enable.idempotence=true, a high retry count and no more than five requests in flight per connection. \\  \\ Choose the recoverable failure: an order that committed and was never published can be replayed from the order table, and an event for an order that rolled back cannot be undone. \\  \\ *Unit Test Execution Paths:* \\  \\ # an accepted order is written at NEW and answered NEW \\ # ORDER_PLACED is published for a newly accepted order \\ # the event is published only after the transaction has committed \\ # an order that fails validation publishes nothing \\  \\ *Notes:* \\  \\ * An idempotent producer removes the duplicates a producer retry causes, not the duplicates an application retry causes, which is why the executor still has work to do.",Sprint 7,,S7 Event Backbone
LEAP1T1,"Trade Executor: Consume, Price and Decide",Story,High,"*Acceptance Criteria:* \\  \\ * The executor consumes ORDER_PLACED from orders in the fixed consumer group, loads the order, checks the instrument is still tradable, and prices it against a live Fauxnance quote. \\ * The fill rule is a function of an order and a quote returning a decision, touching no database and no socket. \\ * An order that cannot be priced is resolved rather than left at NEW for ever. \\  \\ *Tasks:* \\  \\ Set the project up as one Maven project on Java 21, with every instance joining the consumer group the contract fixes. \\  \\ Fetch a quote from the single-symbol quotes endpoint for the order symbol. \\  \\ Start from the default rule: fill the whole order at the quoted price when a BUY limit is at or above the quote or a SELL limit is at or below it, and reject otherwise. \\  \\ Settle four questions and be ready to defend each: what price is stored given the quote carries more decimal places than the column holds, which of the Sprint 5 rules are re-checked here, what a suspended account does when the suspension arrived after acceptance, and what happens when there is no price. \\  \\ Treat a Fauxnance outage as a business outcome: retry inside the quote client and reject the order with a reason when the budget is spent. \\  \\ *Unit Test Execution Paths:* \\  \\ # a buy limit at or above the quote fills at the quote \\ # a sell limit at or below the quote fills at the quote \\ # an order outside the marketable range is rejected \\ # an execution-time re-check rejects an order whose account can no longer afford it \\ # an account suspended after acceptance does not trade \\ # an order with no available price is resolved rather than left at NEW \\  \\ *Integration Test* \\  \\ Run the executor against a mocked quote source covering a fill, a reject and a pricing-unavailable response. \\  \\ *Notes:* \\  \\ * Partial fills are out of scope, because the order status enumeration has no state to represent one and there is no working state between NEW and a terminal status.",Sprint 7,,S7 Event Backbone
LEAP1T1,Settle in One Transaction with Two Guards,Story,High,"*Acceptance Criteria:* \\  \\ * The status change, the cash movement and the position write happen in one transaction; if any of the three fails, none of them happened. \\ * The guarded state transition is the first write in the transaction and is conditional on the order still being NEW, and zero rows affected means another delivery got there first. \\ * The event is published after the commit and the offset is acknowledged after the publish. \\  \\ *Tasks:* \\  \\ Make the status update conditional on the state you expect rather than reading, deciding, then writing. \\  \\ Apply the optimistic lock on the account version, re-reading and retrying up to a bounded number of attempts, and treat only an exhausted budget as an error. \\  \\ Publish ORDER_FILLED or ORDER_REJECTED to trade-events keyed by the account, then acknowledge. \\  \\ Add the columns the executor writes and your Sprint 3 schema may not have yet as a migration in the same folder and style as your Sprint 3 migrations. \\  \\ *Unit Test Execution Paths:* \\  \\ # a settled order writes status, cash and position together \\ # a failure in any of the three leaves none of them written \\ # a second delivery affects zero rows and publishes nothing \\ # an exhausted optimistic-lock budget is reported as an error rather than ignored \\  \\ *Notes:* \\  \\ * An order marked filled beside cash that did not move leaves the audit trail disagreeing with the balance, and nothing reconciles the two for you. \\ * Publishing before the commit risks an event for a transaction that rolled back. Acknowledging before publishing risks an order that settled and told nobody.",Sprint 7,,S7 Event Backbone
LEAP1T1,Duplicate Delivery: Prove No Double Debit,Story,High,"*Acceptance Criteria:* \\  \\ * A replayed message does not debit the account twice and produces no second message on trade-events. \\ * The team can give the demonstration on demand, at any point in the review. \\  \\ *Tasks:* \\  \\ Read one message off the orders topic with the console consumer and produce it back with the console producer, preserving the key. \\  \\ Show the balance before, the balance after, the log line where the executor recognised the duplicate and did nothing, and that no second event appeared on trade-events. \\  \\ Rehearse it as a team; being able to reproduce it once is not the same as being able to give the demonstration. \\  \\ *Notes:* \\  \\ * This demonstration is mandatory for this cohort. \\ * Kafka guarantees at-least-once deliberately, because the alternative is a broker that occasionally loses a trade. The executor will be handed the same order twice. \\ * A consumer that believes the order happened twice is the same bug one service further downstream.",Sprint 7,,S7 Event Backbone
LEAP1T1,Executor Failure Handling and Dead Letters,Story,Medium,"*Acceptance Criteria:* \\  \\ * A message that will never succeed is dead-lettered on the first attempt, and one that will succeed later is retried with a growing backoff and dead-lettered once the budget is spent. \\ * No poison message is retried indefinitely. \\  \\ *Tasks:* \\  \\ Dead-letter malformed JSON, a missing order identifier, an order identifier that is not in Postgres and an unexpected event type immediately. \\  \\ Retry a briefly unreachable broker, a lost database connection and an exhausted lock budget with backoff. \\  \\ Send dead-lettered messages to the topic's dead-letter topic with the original message as the value and the failure reason in a header. \\  \\ *Unit Test Execution Paths:* \\  \\ # a malformed message is dead-lettered on the first attempt \\ # a transient failure is retried and then succeeds \\ # a poison message does not block the partition \\  \\ *Notes:* \\  \\ * One bad message blocking a partition stops every account keyed to that partition. \\ * A Fauxnance outage belongs in neither class: dead-lettering the order would leave it at NEW for ever.",Sprint 7,,S7 Event Backbone
LEAP1T1,Market-Data Poller Inside the Trade Executor,Story,Medium,"*Acceptance Criteria:* \\  \\ * The poller runs on a schedule inside the Trade Executor, calls the batch quotes endpoint batching up to 25 symbols per request, and publishes one message per symbol to market-data keyed by the symbol. \\ * The configured interval stays inside the 2000-requests-per-day quota, and the arithmetic can be shown. \\  \\ *Tasks:* \\  \\ Write the poller in Java as a scheduled component inside the executor, reusing the Fauxnance client and the Kafka producer that are already there. It is not a project of its own, not a container of its own and not a second runtime in the execution path. \\  \\ Publish one Kafka message per symbol, never one per batch: batching the HTTP call is a quota optimisation, and batching the Kafka message puts several symbols behind one key and destroys the per-symbol ordering the contract promises. \\  \\ Poll only the symbols someone holds or is watching, and enforce the interval floor in the code rather than documenting one and hoping. \\  \\ Work out the requests per day your interval implies and record the arithmetic where your team keeps its decisions. \\  \\ Read the interval from POLL_INTERVAL_SECONDS on the executor, and the broker address and the Fauxnance key from the environment as the executor already does. Nothing new is added to the local stack. \\  \\ *Unit Test Execution Paths:* \\  \\ # a batch of up to 25 symbols is fetched in one request \\ # each quote is published as its own message keyed by symbol \\ # the configured interval stays inside the daily quota for the declared symbol set \\ # the interval floor is enforced in code \\  \\ *Notes:* \\  \\ * The poller is what manufactures the stream Fauxnance does not have, and its existence is the reason the Sprint 10 extensions that read prices have anything to consume. \\ * The poll schedule has nothing to do with order placement. Coupling the two misreads both. \\ * Eight symbols fetched one at a time every 30 seconds is 23040 requests and the key is gone in two hours; the same data batched is 2880.",Sprint 7,,S7 Event Backbone
LEAP1T1,One Incremental Load into FACT_TRADES,Story,Medium,"*Acceptance Criteria:* \\  \\ * One incremental load moves trade data from Postgres into FACT_TRADES and its three dimensions, driven by a watermark on the order creation timestamp. \\ * Re-running a load does not double-count, and a row failing a quality check is dead-lettered with the reason and the batch it came from rather than dropped. \\  \\ *Tasks:* \\  \\ Load dim_date first, covering the whole range, then dim_instrument, then dim_account, then fact_trades. \\  \\ Load orders in whatever status they reached, including rejected and cancelled, because fill rate cannot be computed from fills alone. \\  \\ Merge on the natural order key rather than inserting blindly, and rely on the unique constraint the contract declares. \\  \\ Run every check the contract's load and data quality section names before a row reaches the fact table: referential integrity into all three dimensions, positive quantity and price, a valid side and status, and a recomputed trade value. \\  \\ Record the three pipeline commands in the sprint README so a teammate can run any stage on its own. \\  \\ *Unit Test Execution Paths:* \\  \\ # an incremental load populates FACT_TRADES \\ # a second load with no new data adds no rows \\ # the transform handles nulls and type mismatches \\ # an invalid row is dead-lettered with its reason and the load continues \\  \\ *Notes:* \\  \\ * Do not insert a placeholder dimension row to make an unresolved key pass: that hides the fault, which is almost always that the dimension load was skipped. \\ * Dropping a row silently and dead-lettering it produce the same fact table, and only one of them can be investigated on Monday morning.",Sprint 7,,S7 Event Backbone
LEAP1T1,SonarQube Quality Gate and DevSecOps Scanning,Story,Medium,"*Acceptance Criteria:* \\  \\ * The SonarQube gate passes on the Java service and on the pipeline: no new blocker or critical issue, no new security hotspot left unreviewed, duplication and coverage on new code inside the thresholds. \\ * SAST, dependency scanning and secret detection run locally against the same code, and anything they report is fixed rather than left for the review. \\  \\ *Tasks:* \\  \\ Run SonarQube locally in a container named for your team, and scan both the executor and the pipeline. \\  \\ Export the scanner token rather than committing it; it is a credential. \\  \\ Run the analysis and the security scans locally, and interpret the findings rather than silencing them. \\  \\ *Notes:* \\  \\ * Passing by marking findings as will not fix is visible in the dashboard and is not passing. \\ * The gate is read at the review, on your screen, on the project you scanned.",Sprint 7,,S7 Event Backbone
LEAP1T1,Authentication Service (NestJS & JWT),Epic,Medium,"*Acceptance Criteria:* \\  \\ * All four endpoints implement contracts/auth-api.yaml, and the access token carries exactly the contract claim set. \\ * Passwords are hashed with argon2id or bcrypt at cost 12 or above and never logged, and a failed login gives the same response and comparable timing for an unknown user as for a wrong password. \\ * Putting this service behind the Trade REST API is a configuration change only with no Java changed in that service, the running service serves its own OpenAPI document, and the security review is committed with a finding and a disposition for every category. \\  \\ *Notes:* \\  \\ * This is the one component that ever sees a credential. Every other component verifies a signature with no network call and no shared database. \\ * No starter code and no project skeleton ship. Deciding how the service is decomposed, and where the verification happens inside it, is most of what the sprint assesses. \\ * Two SME cloud sessions run on Monday and Tuesday, so the build has three days. Take registration and login first, then the guard and the protected route, then refresh, then the cutover, filling in the security review as each part lands. \\ * Refresh rotation is reduced for this cohort to issuing a new refresh token on every refresh. Revoking the presented token is optional; where it is not built, the decision and the risk it accepts are written in the security review. \\ * Security focus: password storage, the token lifecycle, uniform failure, and defence against leakage and replay (OWASP A02, A07, A01).",Sprint 8,S8 Auth Service,
LEAP1T1,NestJS Project and the Engineering Contract,Story,Medium,"*Acceptance Criteria:* \\  \\ * npm ci, npm run build and npm test all succeed on a machine that has never seen your code, from a committed lock file. \\ * The service answers on the port the contract fixes, builds from a multi-stage Dockerfile, and joins your team's local orchestration. \\  \\ *Tasks:* \\  \\ Set the project up on Node 20 or later in TypeScript, with sources under a directory the team chooses and specs beside the code they cover. \\  \\ Read JWT_SECRET, the database connection and every value that differs between a laptop and a container from the environment at runtime. \\  \\ Write the Dockerfile and the orchestration entry, on port 3000 as infra/README.md reserves it.",Sprint 8,,S8 Auth Service
LEAP1T1,Implement the Provided Auth Contract,Story,High,"*Acceptance Criteria:* \\  \\ * The four operations answer at the paths, verbs, status codes and bodies contracts/auth-api.yaml fixes, with the documented failures. \\ * Every failure leaves in the platform envelope and nothing else. \\  \\ *Tasks:* \\  \\ Implement registration, login, refresh and the protected profile route against the contract. \\  \\ Issue no tokens on registration; an unauthenticated route that mints a session is an authentication bypass as soon as it has its first defect. \\  \\ Create no trading account on registration; accounts are owned by the Sprint 3 schema. \\  \\ Validate inputs with class-validator and class-transformer and answer VAL-422 on a field failure.",Sprint 8,,S8 Auth Service
LEAP1T1,Credential Store and Password Hashing,Story,High,"*Acceptance Criteria:* \\  \\ * Passwords are stored with argon2id, or bcrypt at cost 12 or above, and plaintext is never stored. \\ * No password reaches a log by a direct route, and the cost factor is a decision the team can defend. \\  \\ *Tasks:* \\  \\ Build the credential store as a migration or bootstrap, plus the repository that reads it. \\  \\ Choose cost parameters that make one verification take on the order of a tenth of a second on the hardware you deploy to, and say why. \\  \\ Log through one logger that redacts by key name at any depth, and never hand a whole request body to a log call. \\  \\ *Unit Test Execution Paths:* \\  \\ # correct password verifies \\ # incorrect password fails verification \\ # a general-purpose digest such as MD5 or SHA is not used \\  \\ *Notes:* \\  \\ * A general-purpose hash is built to be fast, and fast is the one property a password hash must not have. \\ * Too low a cost gives an offline attacker the same speedup you got; too high and your login route is the cheapest denial-of-service target in the platform. \\ * The indirect routes to a log, such as an error object serialised whole or a DTO printed in a stack trace, are what the review asks about.",Sprint 8,,S8 Auth Service
LEAP1T1,Access Token Issuance and the Exact Claim Set,Story,High,"*Acceptance Criteria:* \\  \\ * The access token is signed HS256 with JWT_SECRET and carries exactly the claim set the contract fixes, plus the issuer the contract defines. \\ * Anything outside that set is a finding, not a bonus, and expiry is set as the contract states. \\  \\ *Tasks:* \\  \\ Build and sign the token, setting the issued-at and expiry claims as the contract requires. \\  \\ Carry the numeric trading account key in the account claim, which is what the Trade REST API compares against the account in the request. \\  \\ Set your own issuer value so that a team can decode a token during the cutover and see which implementation signed it, and do not require a particular issuer value in any consumer. \\  \\ *Unit Test Execution Paths:* \\  \\ # a token is issued with the contract claims and expiry \\ # the token signature verifies with the service key \\ # no claim outside the contract set is present \\  \\ *Notes:* \\  \\ * The payload is base64 and not encryption. An email address in the payload is an email address published to every holder of the token. \\ * Removing a claim after Sprint 9 has generated a client from it is not a configuration change.",Sprint 8,,S8 Auth Service
LEAP1T1,Guard and Token Verification on the Protected Route,Story,High,"*Acceptance Criteria:* \\  \\ * The protected route is guarded, and an expired, tampered or malformed token is refused with AUTH-401. \\ * Jest covers the guard, including a passing test for the expired-token path and one for the wrong-signature path. \\  \\ *Tasks:* \\  \\ Implement the guard and a decorator that extracts the authenticated user from the verified token. \\  \\ Build the expired case by signing a genuine token with a past expiry, not by corrupting the payload, which the signature check refuses first. \\  \\ Build the wrong-signature case by signing a genuine, unexpired token with a different key. \\  \\ *Unit Test Execution Paths:* \\  \\ # a valid token is accepted \\ # an expired token is refused \\ # a token with a wrong signature is refused before any claim is read \\ # a malformed header is refused \\  \\ *Notes:* \\  \\ * A guard that checks the signature and forgets the clock accepts every token it ever issued, for ever.",Sprint 8,,S8 Auth Service
LEAP1T1,Refresh Token Issuance and Rotation,Story,High,"*Acceptance Criteria:* \\  \\ * Every refresh issues a new refresh token and the new one works. \\ * Where revocation of the presented token is built, a second presentation answers AUTH-401; where it is not, the decision and its residual risk are written in the security review. \\  \\ *Tasks:* \\  \\ Store a hash of the refresh token rather than the token, so that read access to your database is not session takeover. \\  \\ Issue a new refresh token on every refresh. \\  \\ Decide whether to revoke the presented token, then build it or document it, and say which in the security review. \\  \\ *Unit Test Execution Paths:* \\  \\ # refresh returns a new access token and a new refresh token \\ # the newly issued refresh token works \\ # the declared revocation behaviour holds for a token that has already been exchanged \\  \\ *Notes:* \\  \\ * Reissue alone defends against a stolen token used once. What is missing without revocation is that the old value still works, so both parties hold live sessions and nothing in the service can tell there are two of them.",Sprint 8,,S8 Auth Service
LEAP1T1,One Answer for Every Failed Login,Story,High,"*Acceptance Criteria:* \\  \\ * An unknown username and a wrong password return the same status, the same body and comparable timing. \\ * A login throttle exists with a documented cooldown and attempt count, and neither path returns early. \\  \\ *Tasks:* \\  \\ Return AUTH-401 with one message for an unknown user, a wrong password, an expired token, a wrongly signed token and a malformed header. \\  \\ Where the username is not found, verify the supplied password against a fixed dummy hash of the same algorithm and parameters, discard the result and return the same failure. \\  \\ Build the login throttle and record its cooldown and its attempt count in the sprint README. \\  \\ *Unit Test Execution Paths:* \\  \\ # an unknown user and a wrong password return the same status and body \\ # neither path returns before doing comparable work \\ # the throttle limits repeated failed attempts from one caller \\  \\ *Notes:* \\  \\ * An attacker with a username list and a stopwatch reads your customer base off the response times without guessing a password. \\ * A throttle limits how fast an attacker can use an oracle you left open. It does not close it.",Sprint 8,,S8 Auth Service
LEAP1T1,Adopt the Real Auth Service with a Configuration Change Only,Story,High,"*Acceptance Criteria:* \\  \\ * At least one Trade REST API route is protected end to end by a token from this service, with no Java changed in that service. \\ * A token signed with a key the platform should not trust is refused. \\  \\ *Tasks:* \\  \\ Add your service to the team's local orchestration on port 3000, the port infra/README.md reserves for it. \\  \\ Read the same JWT_SECRET the Trade REST API verifies with, passed through your orchestration from the root environment file. \\  \\ Point the Trade REST API's issuer setting at your issuer through its environment, if it pins one. \\  \\ Decide whether to keep or rotate the development JWT_SECRET published in .env.example now that a real issuer signs with it, and record the choice in the security review. \\  \\ *Integration Test* \\  \\ Obtain a token from the running Auth service, call a protected Trade REST API route with it, and confirm refusal with no token and with a token signed by a key the platform should not trust. \\  \\ *Notes:* \\  \\ * The criterion is read with git diff at the design review; no script can tell a configuration change from a code change that looks like one. \\ * If your Trade REST API needs a code change, something in it is coupled to your Sprint 6 test fixture rather than to the token contract: a hard-coded issuer, a claim read with a name that fixture happened to use, or a verifier that decoded before it verified.",Sprint 8,,S8 Auth Service
LEAP1T1,OpenAPI Served by the Running Service,Story,Medium,"*Acceptance Criteria:* \\  \\ * The running service publishes its own OpenAPI document, generated from the decorators on the controller and the DTOs, describing the four routes. \\ * The human page and the JSON document answer at paths recorded in the sprint README. \\  \\ *Tasks:* \\  \\ Generate the document from your code rather than maintaining a YAML file by hand beside it. \\  \\ Record both paths in the sprint README. \\  \\ *Notes:* \\  \\ * This does not replace contracts/auth-api.yaml. It is the evidence that your code still matches it.",Sprint 8,,S8 Auth Service
LEAP1T1,"OWASP Security Review, Committed",Story,High,"*Acceptance Criteria:* \\  \\ * The security review is committed, differs from the template, and carries a written finding and a disposition for every category. \\ * A finding of none names what was checked, and a disposition of accepted states the residual risk and why the team is carrying it. \\  \\ *Tasks:* \\  \\ Copy security-review/TEMPLATE.md, name your copy in the sprint README, and fill it in as you build rather than on the last evening. \\  \\ Cover broken authentication and broken access control, token leakage, replay and weak secrets. \\  \\ Where revocation of the presented refresh token was not built, write that decision and its risk into the review. \\  \\ *Notes:* \\  \\ * Every category needs both cells filled, and whether what is in them is true is read by your instructor.",Sprint 8,,S8 Auth Service
LEAP1T1,Trading UI (Angular),Epic,Medium,"*Acceptance Criteria:* \\  \\ * Sign-in works end to end against the real Auth service, route guards block unauthenticated access and redirect, and one interceptor attaches the bearer token to platform calls and to nothing else. \\ * Typed clients are generated from contracts/ and committed, the order ticket validates before submission and renders every code in both catalogues, and the blotter badges four statuses and handles an order sitting at NEW. \\ * Playwright covers signing in and placing an order, each journey standing on its own, and no API key and no secret is present in the built bundle. \\  \\ *Notes:* \\  \\ * No workspace scaffold and no starter code ship. Setting the workspace up and deciding where each rule lives is most of what this sprint assesses. \\ * Angular 21 with standalone components and signals throughout. No NgModule anywhere, and the observables stop at HttpClient. \\ * Self-directed SRE content runs on Monday and Friday is Gandhi Jayanti, so this sprint runs to four taught days and the first is not spent in this folder. Stand the workspace up and generate the clients first, then sign-in, then the order ticket, then the blotter, and configure Playwright as soon as sign-in works. \\ * The Playwright suite is reduced for this cohort to the sign-in and place-order journeys. A third journey over the blotter is optional. \\ * Execution has been asynchronous since Sprint 7. An order answering NEW is normal and is not a defect in the executor. \\ * Security focus: bearer token scoping by origin, an allow list rather than a deny list, and nothing secret in a public bundle (OWASP A01, A03, A05).",Sprint 9,S9 Angular UI,
LEAP1T1,Angular Workspace and the Engineering Contract,Story,Medium,"*Acceptance Criteria:* \\  \\ * npm ci, npm run build and npm test all succeed on a machine that has never seen your code, from a committed lock file. \\ * The workspace uses standalone components and signals, with specs beside the code they cover. \\  \\ *Tasks:* \\  \\ Set one Angular 21 workspace up in the sprint folder on a supported Node version. \\  \\ Decide the feature tree yourself and record its shape in the sprint README, so a reviewer can find a feature without searching the workspace.",Sprint 9,,S9 Angular UI
LEAP1T1,Typed Clients Generated from the Contracts,Story,High,"*Acceptance Criteria:* \\  \\ * Clients for both contracts are generated rather than hand-written, with the generator and its version pinned in the declared configuration. \\ * The generated output is committed, regenerated on every contract change, and contains no file the generator did not write. \\ * Something outside the generated tree imports the clients. \\  \\ *Tasks:* \\  \\ Declare one entry per contract, each writing into its own subdirectory of the generated tree. \\  \\ Pin the generator version rather than taking whatever resolves today, so two people on the team generate the same output. \\  \\ Document the generation command in a README of your own in this folder. \\  \\ Commit the output, say so in .gitignore, and never edit a file inside the tree; wrap an awkward generated shape in a service of your own outside it. \\  \\ *Notes:* \\  \\ * When a contract changes a field, a generated client stops compiling at every call site that used it and a hand-written one keeps compiling and starts returning undefined at runtime. That is the whole reason the contract exists. \\ * The contracts are correct and are not yours to edit, so switch a generator validation off knowingly rather than reflexively.",Sprint 9,,S9 Angular UI
LEAP1T1,Sign-In Flow against the Real Auth Service,Story,High,"*Acceptance Criteria:* \\  \\ * A customer signs in against the running Auth service, the token is stored, and a failed sign-in shows a readable error. \\ * Signing out clears the session. \\  \\ *Tasks:* \\  \\ Build the sign-in screen with username and password inputs and a submit control. \\  \\ Give the username field, the password field and the submit control stable test identifiers, so the Playwright journeys select them by identifier rather than by label text. \\  \\ Store the token and clear it on sign-out. \\  \\ *Unit Test Execution Paths:* \\  \\ # valid credentials sign in and redirect \\ # invalid credentials show a readable error \\ # empty fields are blocked by validation \\ # signing out clears the session \\  \\ *Integration Test* \\  \\ Sign in against the real Auth service end to end.",Sprint 9,,S9 Angular UI
LEAP1T1,The Bearer Token Interceptor,Story,High,"*Acceptance Criteria:* \\  \\ * One functional interceptor, registered once, is the only place in the application that sets an authorisation header. \\ * The token is attached to platform API calls and to nothing else, decided by comparing the outgoing URL against the origins you configured. \\ * Two named unit tests cover the attach case and the do-not-attach case. \\  \\ *Tasks:* \\  \\ Register the interceptor once rather than setting the header in each service. \\  \\ Attach the token to the Trade REST API and the protected Auth route, and not to the unauthenticated auth routes, which take no header. \\  \\ Use an allow list of origins rather than a deny list of hosts you happened to think of. \\  \\ *Unit Test Execution Paths:* \\  \\ # a request to a platform API carries the bearer token \\ # a request to a third-party origin does not carry the bearer token \\ # the unauthenticated auth routes are called without a header \\  \\ *Notes:* \\  \\ * An interceptor that adds the header to every outbound request hands a live session token to whatever host that request was going to, where it lands in an access log, an analytics pipeline and an error tracker. \\ * An allow list fails closed when somebody adds a new third party. A deny list fails open, silently.",Sprint 9,,S9 Angular UI
LEAP1T1,Route Guards and the Return Address,Story,High,"*Acceptance Criteria:* \\  \\ * Every route but sign-in runs a guard, and a signed-out visitor is redirected to sign-in carrying where they were going. \\ * A return address is accepted only if it is a path on this origin. \\  \\ *Tasks:* \\  \\ Implement the guard and the redirect, and land the user where they were going after signing in. \\  \\ Reject a return address that is not a path on this origin. \\  \\ Do not render an empty screen instead of redirecting; a user who has been told nothing will retry, then raise a ticket. \\  \\ *Unit Test Execution Paths:* \\  \\ # the guard blocks unauthenticated navigation and redirects \\ # the guard allows authenticated navigation \\ # an off-origin return address is refused \\  \\ *Notes:* \\  \\ * The guard is a usability control, not a security control. The bundle is public and authorisation is the Trade REST API's decision, taken on every call. \\ * An open redirect on a trading sign-in page is a phishing kit somebody else assembles for free.",Sprint 9,,S9 Angular UI
LEAP1T1,Order Ticket with Client-Side Validation,Story,High,"*Acceptance Criteria:* \\  \\ * The order ticket validates quantity, price and symbol before submission and renders the account read-only. \\ * A submitted order shows the outcome the API returned, including an order that comes back at NEW. \\  \\ *Tasks:* \\  \\ Build the ticket with instrument, side, quantity and price inputs, validating a whole quantity above zero and a price above zero with at most two decimal places. \\  \\ Render the account the token says this session may trade as read-only, because an account field the user can edit is an authorisation decision moved into the browser. \\  \\ Show a success or error message from the response. \\  \\ *Unit Test Execution Paths:* \\  \\ # a valid order submits and shows the returned status \\ # an invalid quantity is blocked before submission \\ # a business-rule rejection shows the mapped message \\  \\ *Notes:* \\  \\ * Client-side validation is not enforcement. The business rules live in the Trade REST API and stay there; the form exists so that the obvious mistakes never reach the wire.",Sprint 9,,S9 Angular UI
LEAP1T1,Render Every Code in the Error Catalogues,Story,High,"*Acceptance Criteria:* \\  \\ * Every error code in both contracts renders as a readable message, and the application branches on the code rather than on the message. \\ * A response the browser never received and a code the application has never seen both render a sentence rather than a blank panel. \\  \\ *Tasks:* \\  \\ Read the codes out of the two contracts and build the mapping as a mapping with a completeness property, not a switch statement extended when somebody reports a blank screen. \\  \\ Write sentences a trader can act on rather than repeating the developer-facing message. \\  \\ Handle a status of zero, which is usually a service that is down or a cross-origin rule that does not allow your development server. \\  \\ *Unit Test Execution Paths:* \\  \\ # every code in both catalogues maps to a message \\ # an unrecognised code falls back to a readable sentence \\ # a request that never reached a service renders a readable sentence",Sprint 9,,S9 Angular UI
LEAP1T1,Blotter with Status Badges and the NEW Path,Story,Medium,"*Acceptance Criteria:* \\  \\ * The blotter lists every order for the account newest first, rejections included, with a badge per status carrying the word as well as the colour. \\ * An order sitting at NEW is shown as still working and is brought up to date by a bounded re-read. \\  \\ *Tasks:* \\  \\ Render the order table from the order-history endpoint with formatted dates and values. \\  \\ Badge NEW, FILLED, REJECTED and CANCELLED, carrying the word as well as the colour, because roughly one man in twelve cannot separate red from green. \\  \\ Re-read order history on a bounded interval while anything is at NEW, offer a refresh the user can press, and stop when nothing is working. \\  \\ Never re-post the order: the same idempotency key returns a conflict and a new key places a second order. \\  \\ *Unit Test Execution Paths:* \\  \\ # order history renders newest first including rejections \\ # an order at NEW is shown as still working \\ # the re-read stops when nothing is at NEW \\ # empty history is handled gracefully \\  \\ *Notes:* \\  \\ * A blotter that hides rejected orders is worse than no blotter: the rejection is the record that the desk tried and was refused. \\ * An interval that never stops is a request every couple of seconds for as long as the tab is open, which is a load test you did not mean to run.",Sprint 9,,S9 Angular UI
LEAP1T1,Playwright: Sign In and Place an Order,Story,High,"*Acceptance Criteria:* \\  \\ * Two Playwright journeys run against the real running stack: signing in and placing an order. \\ * Each journey stands on its own, in its own process, leaving nothing behind that another journey needs. \\ * Every address and credential is read from the environment under the declared names. \\  \\ *Tasks:* \\  \\ Configure Playwright as soon as sign-in works, because the journeys need the whole stack up. \\  \\ Cover the guard redirect, a refused sign-in, a successful sign-in and arriving where you were going. \\  \\ Cover the read-only account, a rejection before submission, and a placed order with whatever status came back. \\  \\ Accept NEW, FILLED or REJECTED on a placed order; a spec that asserts FILLED fails the week the executor is switched on. \\  \\ *Notes:* \\  \\ * Two journeys is the assessed set for this cohort. A third over the blotter is worth writing if the time is there. \\ * Shared state on your side is what breaks isolation: a token stashed in a module variable, or an order one spec placed that the next expects.",Sprint 9,,S9 Angular UI
LEAP1T1,Secret-Free Production Bundle,Story,High,"*Acceptance Criteria:* \\  \\ * The production build contains no API key, no signing secret and no market-data host. \\ * The application never calls the Fauxnance API; prices reach the browser through a service of yours that holds the key server-side. \\  \\ *Tasks:* \\  \\ Build the production bundle and search it for key and secret patterns, and for the market-data host. \\  \\ Confirm nothing under a different name carries the literal value of your key or signing secret. \\  \\ Treat a key that reached a bundle as published: revoke it rather than deleting the line. \\  \\ *Notes:* \\  \\ * There is no private part of a front-end build. Minification is not obfuscation, and a source map is the source back again. \\ * This check remains mandatory for this cohort.",Sprint 9,,S9 Angular UI
LEAP1T1,Extension Modules (Four Mandatory),Epic,Medium,"*Acceptance Criteria:* \\  \\ * All four extensions are built and integrated end to end, in the dependency order Customer Preferences, then Customer Notifications, then Watchlists and Price Alerts, with Portfolio and P&L built in parallel. \\ * Each is a module inside the Trade REST API, and every route it adds authorises against the verified token before it reads anything. All four run on live data at the demonstration. \\ * One combined OWASP security review covers all four with its findings addressed, and an architecture decision log is committed. \\  \\ *Notes:* \\  \\ * All four extensions are mandatory for this cohort. They are not alternatives. Trade Advice and Signals and Automated Strategy Execution are stretch goals, available only once all four are finished. \\ * Three of the four have no contract: their routes are yours to design, written as OpenAPI before the controller and reviewed by an instructor on day one. Portfolio and P&L is bound by contracts/portfolio-api.yaml. \\ * Nothing is scaffolded here because there is nothing to scaffold until you have designed it. The folder holds the four briefs and the two documents. \\ * The four modules go inside the Trade REST API, which already boots, already verifies tokens and already holds a database connection. There is no new container, no new port and no second copy of JWT verification, so the work starts on the features rather than on the wiring. \\ * Process is assessed alongside product. A team that ships four running modules with no backlog, no decision log and a security review written on the Thursday evening scores below a team that ships less and can show how it was decided. \\ * This is the last sprint in which the platform is assessed. The demonstration happens at the end of this week against a running stack, and the cloud week that follows is assessed on the deployment alone. \\ * Security focus: the full OWASP Top Ten across the four modules, starting with the access-control row, because all four hold data belonging to one customer and reachable with a token belonging to another, now from inside the application that holds the order book.",Sprint 10,S10 Extension Modules,
LEAP1T1,"Day One: Read the Briefs, Confirm Scope, Write the Backlog",Story,High,"*Acceptance Criteria:* \\  \\ * Every member has read all four briefs, and the scope is confirmed with an instructor on the Monday. \\ * A backlog with acceptance criteria covers all four modules before any code is written. \\  \\ *Tasks:* \\  \\ Read all four catalogue briefs as a team, not one each. \\  \\ Bring to the instructor what you intend to build by Friday, what you have decided not to build, and the routes you propose to expose for the three modules that have no contract. \\  \\ Write the backlog for all four modules, in whatever tracker the team has been using, before writing code. \\  \\ Plan the work by the order of the chain rather than one person per module: four people starting four modules on Monday morning produces three of them blocked by lunchtime. \\  \\ *Notes:* \\  \\ * Scope confirmed on day one is an acceptance criterion, not a courtesy. \\ * A backlog assembled on Friday morning from the commits is visible as one.",Sprint 10,,S10 Extension Modules
LEAP1T1,Agree the Two Integration Seams,Story,High,"*Acceptance Criteria:* \\  \\ * The route notifications calls on preferences, and the route watchlists calls on notifications, are written down on the Monday with their response shapes and their behaviour when no preference has been set. \\ * How one module calls another is decided and recorded: a call to a named interface inside the service, rather than an HTTP hop through the front door carrying a borrowed customer token. \\  \\ *Tasks:* \\  \\ Agree both seams before either side builds against a guess. \\  \\ Agree the interface each caller uses, and keep it an interface: a module that reaches into another module's tables has no seam left to reason about, and no way to fail independently. \\  \\ Decide what each caller does when the module it depends on raises or takes too long, and record the choice. \\  \\ Give every consumer an explicit group identifier, listed in its README and shared with no other module. One process now holds four consumer groups, and separate identifiers are what keep their offsets apart. \\  \\ *Notes:* \\  \\ * An internal path reachable by a customer with a customer's token is an access-control failure the Sprint 8 review had no equivalent of, and one process makes it easier to leave open rather than harder.",Sprint 10,,S10 Extension Modules
LEAP1T1,Customer Preferences and Personalisation,Story,High,"*Acceptance Criteria:* \\  \\ * A preference record per customer holds at least a default account and an alert channel with its contact detail, and it survives a restart of the service. \\ * The stored default is applied at the customer's next sign-in in the Angular application. \\ * A resolution path exists for the notification module to call, and it is not reachable by a customer with a customer's token under the same rules. \\ * Every read and write is scoped to the account in the verified token. \\  \\ *Tasks:* \\  \\ Design the API, write it as OpenAPI before the controller, and bring it to an instructor on day one. \\  \\ Build the module in its own package inside the Trade REST API, with its own routes, its own tables and its own README. No new port and no new container. \\  \\ Compare the account claim against the account being addressed on every route, behind the verification the service already performs. \\  \\ Separate the internal resolution path from the customer path, and say how you kept the internal one off the routes a customer can reach. \\  \\ Decide what is stored here and what is referenced, given that an email address and a telephone number are personal data that may already exist elsewhere on the platform. \\  \\ Decide what the platform does when no preference has been set, and what a caller does when this module raises rather than answers. \\  \\ *Unit Test Execution Paths:* \\  \\ # preferences are saved and read back \\ # preferences survive a restart of the service \\ # another account's preferences are refused rather than returned empty \\ # the stored default is applied at next sign-in \\  \\ *Notes:* \\  \\ * Build this one first. Notifications cannot route a message without a channel, and watchlists reaches the same preference one step further along the chain. \\ * A route that answers with a plausible shape before its persistence is finished unblocks the rest of the team on Monday afternoon. \\ * Availability matters more than feature surface here: another module calls this one synchronously on the path that decides whether a customer hears about their own trade.",Sprint 10,,S10 Extension Modules
LEAP1T1,Customer Notifications,Story,High,"*Acceptance Criteria:* \\  \\ * The module consumes trade-events in a group of its own and handles the filled, rejected and cancelled outcomes. \\ * The channel is resolved from Customer Preferences on every send rather than from a constant, and the resolved channel is recorded on the notification. \\ * A replayed event produces no second message, and notification history is readable only by the owning account. \\  \\ *Tasks:* \\  \\ Design the API, write it as OpenAPI before the controller, and bring it to an instructor on day one. \\  \\ Build the module in its own package inside the Trade REST API, with its own routes, its own tables and its own README, and authorise every route it adds. \\  \\ Commit the offset once the notification is durably recorded for delivery, not once an external provider has confirmed, and track queued, sent and failed separately. \\  \\ Key idempotency on the event identifier so that a second delivery is a no-op. \\  \\ Deliver on at least one channel; a logging stub is acceptable for a channel you cannot provision, provided the routing decision is real and the resolved channel is recorded. \\  \\ Expose the entry point watchlists calls to have an alert delivered, and decide whether a customer can reach it too. \\  \\ *Unit Test Execution Paths:* \\  \\ # a filled order produces a notification \\ # a rejected order produces a notification \\ # the channel comes from Customer Preferences and changing the preference changes the channel used \\ # a replayed event does not send a second message \\ # notification history is refused to an account that does not own it \\  \\ *Notes:* \\  \\ * Do not start this before preferences has a route that answers. Hardcoding a channel is the one shortcut this module does not have, because the criterion is delivery on the channel preferences holds. \\ * A rejection is as newsworthy as a fill: a customer who only hears about successes has no idea their order failed. \\ * A webhook target or channel destination a customer can set, and the platform then posts to, is a server-side request forgery.",Sprint 10,,S10 Extension Modules
LEAP1T1,Watchlists and Price Alerts,Story,High,"*Acceptance Criteria:* \\  \\ * The module consumes market-data in a group of its own, and a customer can create a watchlist, add instruments and see a live price beside each entry. \\ * A price alert has a threshold and a direction, is evaluated against the stream, and a crossed threshold is delivered through Customer Notifications on the channel the customer configured. \\ * Alert state is visible to the customer, and alerts are capped per account. \\  \\ *Tasks:* \\  \\ Design the API, write it as OpenAPI before the controller, and bring it to an instructor on day one. \\  \\ Build the module in its own package inside the Trade REST API, with its own routes, its own tables and its own README, and authorise every route it adds. \\  \\ Consume market-data only. Do not consume orders or trade-events; neither says anything about what a customer is curious about. \\  \\ Index the per-quote lookup, because every quote for every symbol arrives here and the module has to decide per message whether any customer cares. \\  \\ Define what crossed means and what happens next: deactivate, wait for a reset, or fire on every quote past the level, and record why. \\  \\ Hand a triggered alert to notifications rather than resolving a channel here, and decide what happens when that call raises. \\  \\ Cap alerts per account so that an unbounded creation route cannot turn your own consumer into the thing that takes the service down. \\  \\ *Unit Test Execution Paths:* \\  \\ # a watchlist is created and scoped to the authenticated account \\ # an instrument is added and shows a live price \\ # a quote crossing a threshold triggers the alert \\ # a quote short of the threshold does not trigger it \\ # the alert is delivered through notifications rather than to a log \\ # alert creation is capped per account \\  \\ *Notes:* \\  \\ * Build this last of the three in the chain. An alert written only to a log has not met the criterion. \\ * A watchlist entry is not a position: a customer must be able to watch something they have never traded. \\ * Firing on every quote past the level sends a customer forty messages in a minute, through a module somebody else on your team is responsible for.",Sprint 10,,S10 Extension Modules
LEAP1T1,Portfolio and P&L,Story,High,"*Acceptance Criteria:* \\  \\ * The module implements contracts/portfolio-api.yaml on the Trade REST API: the three routes and the health check, with the exact field names and the error catalogue the contract fixes. \\ * Positions are priced from live Fauxnance quotes, batched and cached, and every priced figure carries when it was observed and whether it is stale. \\ * Where pricing is unavailable for every held instrument the service answers with the documented service-unavailable code; where it is unavailable for some, the response is partial and marked as the contract states. \\ * Realised profit and loss is accumulated from sales rather than recomputed from today's price, and the module writes only to tables of its own. \\  \\ *Tasks:* \\  \\ Read the contract description block before designing anything: the definitions of cost basis, market value, and unrealised and realised profit and loss are in there and are most of the assessment. \\  \\ Build the module in its own package inside the Trade REST API, with its own routes, its own tables and its own README, comparing the account claim against the account in the path on every route. \\  \\ Read quantity, average cost, instrument currency and cash balance through the code that already owns them, and keep whatever this module owns in tables of its own. \\  \\ Price with the batch quotes endpoint, up to 25 symbols per call, and cache, because a per-position loop over ten holdings costs ten times what one batched call costs for the same answer. \\  \\ Convert a multi-currency total into one base currency and handle the case where a currency cannot be converted. \\  \\ Treat the trading tables as read-only from this module. It shares the connection the rest of the service uses, so nothing but discipline and review stops a write, which is the point worth making in the decision log. \\  \\ *Unit Test Execution Paths:* \\  \\ # positions are priced from a live quote \\ # a cached quote is reused within the cache window \\ # pricing unavailable for every symbol returns the documented service-unavailable code \\ # pricing unavailable for some symbols returns a partial answer marked as such \\ # realised profit and loss is booked at the sale and not recomputed \\ # a replayed event does not double-count realised profit and loss \\ # one account cannot read another account's portfolio \\  \\ *Notes:* \\  \\ * Independent of the other three and safe to build in parallel from Monday, but start it early: it is the module most likely to be waiting on a quota, a stale quote or a currency question at four o'clock on Thursday. \\ * Stale is a state, not an error. Serve the number and mark it; hiding it and showing nothing are both worse than saying how old it is. \\ * The browser never calls Fauxnance. Prices reach the screen through these routes.",Sprint 10,,S10 Extension Modules
LEAP1T1,End-to-End Integration on Live Data,Story,High,"*Acceptance Criteria:* \\  \\ * The chain works end to end against live data: a stored channel preference drives a trade notification, and a watchlist alert is delivered on the same channel. \\ * Each of the four modules authorises every route it adds against the verified token, and each is reachable from the Angular application. \\ * The demonstration runs on real quotes, real messages and real rows, not fixtures. \\  \\ *Tasks:* \\  \\ Integrate preferences, notifications and watchlists as one chain, and integrate portfolio alongside it. \\  \\ Rotate people across the four before the last day; somebody who first opens the watchlist consumer on Friday afternoon cannot answer a question about it on Friday afternoon. \\  \\ *Integration Test* \\  \\ Set a channel preference, place a real order and confirm the notification arrives on that channel, then publish a quote that crosses a price alert and confirm the alert is delivered through notifications with no step stubbed. \\  \\ *Notes:* \\  \\ * Fixtures belong in the test suite. A demonstration that runs on them is demonstrating the fixture.",Sprint 10,,S10 Extension Modules
LEAP1T1,One Combined OWASP Security Review,Story,High,"*Acceptance Criteria:* \\  \\ * One document, not four concatenated, covers the full OWASP Top Ten across the four modules, naming the module or modules each finding belongs to. \\ * Every category carries a finding and a disposition, and a category that applies to none of the four is dispositioned as out of scope with the reason rather than deleted. \\ * Findings are addressed: fixed with the commit, mitigated with what limits the exposure, or accepted with the residual risk stated. \\  \\ *Tasks:* \\  \\ Copy the Sprint 8 template, retitle it and write it as you build. \\  \\ Start with the access-control row, since every brief names the same first risk. \\  \\ Look by name for two risks specific to this week: an internal path another module calls that a customer's token can also reach, and a customer-supplied destination the platform then posts to. \\  \\ Put any finding still open on Friday in the outstanding items table with an owner against it. \\  \\ *Notes:* \\  \\ * A category rarely lands the same way on all four modules, and the row worth reading is the one that says where it landed differently. \\ * Four reviews stapled together will read as four reviews stapled together.",Sprint 10,,S10 Extension Modules
LEAP1T1,Architecture Decision Log,Story,Medium,"*Acceptance Criteria:* \\  \\ * A decision log is committed in decision-log/, one file per decision, in the shape of the provided template, with at least the number the manifest asks for. \\ * Each entry states the context, an option genuinely considered and rejected, the decision and its consequences. \\  \\ *Tasks:* \\  \\ Write entries as decisions are taken, not in the last hour of the sprint. \\  \\ Write an entry when reversing the choice later would cost more than an afternoon, when a competent engineer would have chosen the other option, or when somebody asked why and the answer took a paragraph. \\  \\ Favour the seams: what notifications does when preferences does not answer, how one module calls another, what happens to an alert whose delivery fails, and which module owns the customer's contact details. \\  \\ *Notes:* \\  \\ * An entry with one option in it is a record of what you did. \\ * A log assembled at the end records what you built, which everyone can already see, and reads exactly like what it is.",Sprint 10,,S10 Extension Modules
LEAP1T1,Platform Demonstration,Story,Medium,"*Acceptance Criteria:* \\  \\ * The team demonstrates the running platform and the four extensions against a live stack, covering design decisions, Copilot usage and the code-quality story. \\ * Every member can walk any of the four modules unaided, including the ones they did not write. \\  \\ *Tasks:* \\  \\ Rehearse the demonstration against the running stack rather than slides. \\  \\ Prepare to show the chain working, a replayed event producing one message rather than two, and a portfolio figure traced back to a live quote. \\  \\ Leave the repository with a local stack that starts cleanly, because the cloud week depends on it. \\  \\ *Notes:* \\  \\ * This is where the platform itself is assessed for this cohort. The cloud week that follows is assessed on the deployment alone and has no panel.",Sprint 10,,S10 Extension Modules
LEAP1T1,Cloud Deployment (Alumni Week),Epic,Medium,"*Acceptance Criteria:* \\  \\ * The application is reachable over HTTPS through a CloudFront distribution, and the S3 bucket is private and returns access denied when addressed directly. \\ * Origin access control is configured, and deployment is a single script covering build, upload and invalidation. \\ * The authenticated flows are verified against the deployed front end, the deploy identity is scoped to the one bucket and the one distribution with no long-lived key in the repository, and the link is shared with the cohort. \\  \\ *Notes:* \\  \\ * This week runs after Sprint 10, delivered by Fidelity as experiential learning over four and a half days with Fidelity alumni on hand. There are no Neueda instructors in the room and no live Neueda support. \\ * RUNBOOK.md in sprint-11-cloud-deploy is the instructor. Every step says what to run, what success looks like and what to do when that is not what happened. Work through it in sequence rather than mining it for commands. \\ * The alumni are there for the judgement calls the runbook cannot make. Take the steps to the runbook first. \\ * The folder is named sprint-11-cloud-deploy so that it matches the same week in every other Leap cohort; this cohort has no Sprint 11. \\ * Only the Angular application is deployed. Postgres, Kafka, the Trade REST API with the four extension modules in it, the Auth service, the Trade Executor and the pipeline stay in your team's local stack. \\ * The AWS surface for the whole week is IAM, the AWS CLI, S3 and CloudFront. Nothing else. \\ * Assessment is asynchronous against the criteria, from what is deployed and what is committed. There is no panel this week and nothing to rehearse: the platform was demonstrated at the end of week 9. \\ * Security focus: an origin that trusts exactly one caller, a least-privilege deploy identity, TLS enforced, and no long-lived key in any branch (OWASP A05).",Cloud Week,Cloud Deployment (Alumni Week),
LEAP1T1,Prerequisite Gate: A Clean Local Stack,Story,High,"*Acceptance Criteria:* \\  \\ * The local stack starts cleanly the way your team's orchestration starts it, and the Sprint 10 platform still works end to end, both confirmed before Step 1 of the runbook. \\  \\ *Tasks:* \\  \\ Bring the stack up and confirm every service reports healthy. \\  \\ Sign in, place an order and see it reach the blotter, and fix anything broken before starting the deployment, on the Monday morning if that is what it takes. \\  \\ *Notes:* \\  \\ * This is a gate, not a recommendation. Every verification this week runs against the platform you already have, and debugging Sprint 10 with a distribution in front of it means you cannot tell which layer is at fault. \\ * Nothing this week stops, restarts or reconfigures a container you did not start yourself.",Cloud Week,,Cloud Deployment (Alumni Week)
LEAP1T1,"AWS Account, Region and the Two Identities",Story,High,"*Acceptance Criteria:* \\  \\ * One region is chosen and used everywhere for the rest of the week. \\ * The setup identity and the deploy identity are separate, and the deploy identity is not used to create anything. \\  \\ *Tasks:* \\  \\ Attend the Fidelity platform SME briefing on AWS guardrails before any hands-on work; it is a briefing and not a lab, and you deploy nothing to anything belonging to Fidelity. \\  \\ Work only in the training account you are given. \\  \\ Use the region the runbook names, and use it in bucket endpoints, ARNs and CLI calls alike. \\  \\ Create the deploy user with the setup identity, once, by hand. \\  \\ *Notes:* \\  \\ * CloudFront is a global edge network, so the region only decides where the bucket lives. \\ * If a call reports that your bucket must be addressed using a different endpoint, you have two regions in play, not a broken bucket.",Cloud Week,,Cloud Deployment (Alumni Week)
LEAP1T1,Private S3 Bucket and the Angular Production Build,Story,Medium,"*Acceptance Criteria:* \\  \\ * The bucket exists, blocks all public access, and holds the Angular production build. \\ * The bucket is never addressed directly by a browser. \\  \\ *Tasks:* \\  \\ Create the bucket with public access blocked, and do not enable website hosting with a public read policy. \\  \\ Produce the Angular production build and upload it. \\  \\ *Notes:* \\  \\ * A public bucket works, and it fails this week with a working site on screen: the bucket endpoint serves over plain HTTP as well as HTTPS, everything in the bucket becomes world-readable to anyone who guesses the name, and no cache or error-page rule can sit in front of an origin being read directly.",Cloud Week,,Cloud Deployment (Alumni Week)
LEAP1T1,Origin Access Control and the CloudFront Distribution,Story,High,"*Acceptance Criteria:* \\  \\ * A CloudFront distribution fronts the bucket and serves the application over HTTPS. \\ * The bucket accepts the distribution as its only reader, and a browser resolving the bucket's own endpoint gets access denied. \\ * A public bucket policy does not satisfy this, whether or not the site loads. \\  \\ *Tasks:* \\  \\ Create the origin access control and make it the credential CloudFront presents when it fetches an object. \\  \\ Stand up the distribution with the S3 origin and enforce HTTPS. \\  \\ Probe both of the bucket's own endpoints and confirm they refuse, then load the distribution domain and confirm the application answers. \\  \\ *Notes:* \\  \\ * Origin access control means the origin trusts exactly one caller, named and verified. A public policy means the origin trusts the internet and hopes the only thing pointing at it is your CDN. The first is a control; the second is a convention.",Cloud Week,,Cloud Deployment (Alumni Week)
LEAP1T1,Scope the Deploy Identity Policy,Story,High,"*Acceptance Criteria:* \\  \\ * The deploy identity can write objects into one named bucket and create an invalidation on one named distribution, and can do nothing else. \\ * No long-lived key is present in the repository, in any branch, or in the recorded history of the sprint folder. \\  \\ *Tasks:* \\  \\ Start from iam/policy-skeleton.json, replace the placeholder ARNs with your own bucket name, account id and distribution id, and work the actions out from the commands you actually run. \\  \\ Include the bucket-level action a sync needs, the object-level actions an upload needs including what happens when a file present in the last build is absent from this one, and creating an invalidation plus reading its status if your script waits. \\  \\ Let an access-denied response from the CLI name the exact action it wanted rather than granting everything. \\  \\ Store the credential pair where the thing that needs it can read it and nobody else can: a named AWS CLI profile, not an export in your shell history and not a file in the repository. \\  \\ Keep the region, the bucket name and the distribution id as script arguments or environment variables rather than secrets, so the real secrets are easy to find. \\  \\ *Notes:* \\  \\ * A policy granting everything fails the criterion whether or not the deploy works. \\ * If the deploy credentials were pasted into a public issue tomorrow, the worst an attacker could do is replace the contents of a training front end. That containment is the point of the exercise. \\ * A key that was committed and then deleted is still a disclosed key.",Cloud Week,,Cloud Deployment (Alumni Week)
LEAP1T1,"One Deployment Entry Point: Build, Upload, Invalidate",Story,High,"*Acceptance Criteria:* \\  \\ * Deployment is one script covering a clean production build, the upload and the cache invalidation, in that order. \\ * Running it twice against the same commit leaves the deployment in the same state and a working site both times. \\  \\ *Tasks:* \\  \\ Write the entry point so that the bucket ends up holding this build and not a mixture of this build and the last one. \\  \\ Set cache headers deliberately: the hashed assets are content-addressed and can be cached for a long time, and the entry document is the pointer to which of them are current and must never be served stale. \\  \\ Invalidate the cache, because skipping it produces the most expensive bug of the week: you deploy a fix, load the link, see the old application and debug code that is not running. \\  \\ Test the second run by running it twice and loading the site in between, not by reasoning about it.",Cloud Week,,Cloud Deployment (Alumni Week)
LEAP1T1,Verify the Authenticated Flows against the Deployed Front End,Story,High,"*Acceptance Criteria:* \\  \\ * Signing in, placing an order and watching it reach the blotter all work when driven from the CloudFront domain rather than from a development server. \\ * The API address reaches the build without becoming a value somebody edits by hand before every deploy, and the choice is written down. \\  \\ *Tasks:* \\  \\ Decide what the deployed build points at and get that address into the build through configuration, remembering that an address is not a secret and a key is. \\  \\ Work out what changes so that a page served from your distribution may call services that have only ever been asked by a page from the same machine, whether allowing every origin is acceptable for a service holding customer positions, and what the mixed-content rule does to an HTTPS page calling a plain HTTP API. \\  \\ Take the route the runbook gives you through both, record the decision in the decision log, and expect the assessment to read it. \\  \\ *Notes:* \\  \\ * A page that renders is not a deployed application. \\ * Neither the address question nor the cross-origin question has a single right answer, and both have several wrong ones.",Cloud Week,,Cloud Deployment (Alumni Week)
LEAP1T1,"Share the Link, Record the Decisions and Tear Down",Story,Medium,"*Acceptance Criteria:* \\  \\ * The distribution link is shared with the cohort, with one line on what works from a cold browser and one line on what needs the local stack running. \\ * The deploy entry point, the policy documents and the manifest are all committed and agree with each other. \\ * The deployment is torn down after the assessment is confirmed, and each resource is checked to be gone. \\  \\ *Tasks:* \\  \\ Post the link where everyone in the cohort can reach it. \\  \\ Write a README or decision-log entry saying what you chose and why, since nobody is in the room to ask you. \\  \\ Delete the distribution, the bucket, the origin access control and the deploy user in that order once the assessment is confirmed, and check each one is gone rather than assuming. \\  \\ *Notes:* \\  \\ * An assessor who cannot tell how the bucket became private reads it as not proven. \\ * A bucket and a distribution per team, left running, is a bill that arrives quietly for months.",Cloud Week,,Cloud Deployment (Alumni Week)
