labels,Summary,Issue Type,Priority,Description,Sprint,Epic Name,Epic Link
LEAP1T1,Trade Database (Postgres),Epic,Medium,"*Acceptance Criteria:* \\  \\ * A normalised Postgres schema is the transactional record of what a customer asked for and what happened next. \\ * Accounts, instruments, orders and positions are modelled from the domain, version controlled as migrations, and rebuildable from the files alone. \\ * Constraints, indexes, historical trade structures, an ER diagram and seed data are in place, and every team member can walk the model unaided. \\  \\ *Notes:* \\  \\ * Nothing is handed over. There is no transactional schema in contracts/, because the modelling is the assessment. Read sprint-03-trade-database/README.md for the domain. \\ * Read contracts/trade-api.yaml while you design. It is the contract the Sprint 6 service satisfies out of this database, and a schema that cannot serve it is the wrong schema. \\ * The analytical store is a separate concern. contracts/analytics-schema.sql is read in Sprint 4 and loaded in Sprint 7. It is plain ANSI SQL and it runs on DuckDB, which is the platform analytical store. \\ * Security focus: parameterised access from Sprint 6 onwards (OWASP A03), domain rules enforced by constraints rather than hoped for in application code, least-privilege database roles, no credentials in connection config.",Sprint 3,S3 Trade Database,
LEAP1T1,Conceptual Data Model and ER Diagram,Story,High,"*Acceptance Criteria:* \\  \\ * Entities, attributes, keys, cardinality and optionality are identified from the domain brief rather than copied from a table list. \\ * One ER diagram is committed under design/ and every member of the team can walk the whole of it unaided. \\  \\ *Tasks:* \\  \\ Identify the entities the domain requires: accounts, instruments, orders and positions, and the relationships between them. \\ Decide the cardinality and optionality of every relationship and be ready to say where each came from. \\ Commit the diagram as Mermaid in design/er-diagram.md, or as an exported image in design/. Commit the export, not a link to a cloud document. \\ Commit a short data dictionary alongside it. \\  \\ *Notes:* \\  \\ * Mermaid is the better choice: it diffs in review and it cannot drift out of the repository. \\ * The review walks the diagram against the migrations. Update it when the schema moves.",Sprint 3,,S3 Trade Database
LEAP1T1,Normalisation to Third Normal Form,Story,High,"*Acceptance Criteria:* \\  \\ * The schema is in third normal form with no redundant or transitive dependencies. \\ * Any deliberate denormalisation is documented with the reason for it. \\  \\ *Tasks:* \\  \\ Work the model through first, second and third normal form and record what moved at each step. \\ Write the normalisation notes into design/ so the reasoning can be reviewed rather than inferred. \\ Where you denormalise on purpose, name the query that justifies it and the write cost you accepted.",Sprint 3,,S3 Trade Database
LEAP1T1,"Entities, Lifecycles and Constraints as Migrations",Story,High,"*Acceptance Criteria:* \\  \\ * Numbered migration files under migrations/ create the schema, apply in filename order, and rebuild the database from the files alone. \\ * Foreign keys and check constraints enforce the domain rules, including at least three check constraints, one of them covering account state. \\ * Money is represented exactly, never as binary floating point. \\  \\ *Tasks:* \\  \\ Model the account lifecycle so that ACTIVE trades, SUSPENDED can be read and cannot trade, and CLOSED never trades again and is never deleted. \\ Model the order lifecycle so that an order starts at NEW and reaches exactly one terminal state of FILLED, REJECTED or CANCELLED, and rejected orders are retained. \\ Model an instrument that can stop being tradable without ceasing to exist, so that old orders still resolve and new ones are refused. \\ Give the account row a way for a second concurrent writer to discover that it lost rather than overwriting the first. \\ Choose exact numeric types for cash balances and prices and apply them consistently. \\ Number migrations from 001_ and treat an applied migration as immutable once the design review has happened. Change the schema by adding 002_, 003_ and so on. \\ Copy the migration and seed files into infra/postgres/ so a fresh docker compose up -d builds the database unattended from Sprint 6. \\  \\ *Notes:* \\  \\ * Apply everything with one command that wipes and rebuilds from the files, and run it often. A schema that only works because of something a teammate typed into psql on Tuesday will not survive the showcase. \\ * Positions are derived state and are stored anyway, because the dashboard cannot replay an order history on every page load. Be able to demonstrate the reconciliation.",Sprint 3,,S3 Trade Database
LEAP1T1,Idempotency Key Enforced by the Database,Story,High,"*Acceptance Criteria:* \\  \\ * A unique constraint covers the order idempotency key, and a duplicate insert is refused by the database. \\  \\ *Tasks:* \\  \\ Carry a client-generated idempotency key on every order and make it unique across all orders forever. \\ Enforce the uniqueness with a database constraint rather than a read followed by an insert. \\ Be able to show the refusal: insert one valid order twice with the same key, and show the second insert failing with SQLSTATE 23505. \\  \\ *Notes:* \\  \\ * Read then insert is not enforcement. Two concurrent requests both read nothing and both insert, and the customer has bought twice. \\ * Sprint 6 depends on that failure being detectable, and Sprint 7 depends on it again from a different process. Design for it now.",Sprint 3,,S3 Trade Database
LEAP1T1,Indexes Justified Against the Named Queries,Story,Medium,"*Acceptance Criteria:* \\  \\ * At least three indexes exist that are not primary key or constraint indexes, and each is justified by one of the seven named queries. \\ * The justifications are committed in design/indexes.md. \\  \\ *Tasks:* \\  \\ Write the seven queries in the brief as SQL and run them against your seeded database. \\ Read the plan with EXPLAIN ANALYZE before and after adding each index. \\ Write a justification that names the query, states what the plan does with and without the index, and says what the index costs on write. \\ Where a key you already declared serves a query with no new index, write that down with the plan that proves it. It is a real finding and it does not count towards the three. \\  \\ *Notes:* \\  \\ * An index is paid for on every insert and every update to the columns it covers, and orders is the most write-heavy table you have. No index goes in without a query behind it. \\ * It seemed likely to help is not a justification.",Sprint 3,,S3 Trade Database
LEAP1T1,Historical Trade Data Structures,Story,Medium,"*Acceptance Criteria:* \\  \\ * Structures retaining the detail of what was executed, when and at what achieved price exist alongside the operational tables. \\ * How they are populated and how they are queried is documented. \\  \\ *Tasks:* \\  \\ Design structures the Sprint 7 extract can pull incrementally, without scanning the whole history every night. \\ Document the population path and the query path in design/. \\  \\ *Notes:* \\  \\ * This is the operational side of the boundary. The analytical star schema in contracts/analytics-schema.sql is the other side, and it is loaded in Sprint 7. \\ * The decision to record, and the reason for it, matters more than the volume of rows you load.",Sprint 3,,S3 Trade Database
LEAP1T1,Seed Data,Story,Medium,"*Acceptance Criteria:* \\  \\ * Seed data loads with one command after the migrations and covers active, suspended and closed accounts. \\ * Every one of the seven named queries returns something against the seeded database. \\  \\ *Tasks:* \\  \\ Seed accounts in all three states, including one with a balance too small to afford a realistic order. \\ Seed several instruments, including at least one that is not an equity and at least one that is no longer tradable. \\ Seed orders spanning more than one lifecycle state, including at least one that was rejected. \\ Seed holdings on more than one account, consistent with the filled orders that produced them. \\ Use symbols the Fauxnance API actually serves, so quotes resolve in Sprint 7 without a second pass over your fixtures. \\  \\ *Notes:* \\  \\ * Sprint 4 and Sprint 7 both read this data. Thin seed data is a fortnight of friction later.",Sprint 3,,S3 Trade Database
LEAP1T1,"Both Constraint Refusals, Proved from a Clean Rebuild",Story,Medium,"*Acceptance Criteria:* \\  \\ * A second insert carrying an idempotency key that already exists is refused by the database with SQLSTATE 23505, and an insert referencing a parent row that does not exist is refused with SQLSTATE 23503. \\  \\ *Tasks:* \\  \\ Build a scratch database, apply every migration and seed file to it, run both inserts against it and drop it. Your working database is never touched. \\ Keep both inserts beside the migrations, so anyone on the team can reproduce either refusal. \\ Fix whatever does not refuse, and rerun until both do. \\  \\ *Notes:* \\  \\ * Both refusals belong to the database. An application check that produces the same message is a different thing, and it stops holding the moment a second process writes. \\ * Getting both is necessary and not sufficient. Neither tells you whether the schema is in third normal form, whether an index is justified or merely present, or whether your team can explain any of it. The design review is the assessment.",Sprint 3,,S3 Trade Database
LEAP1T1,Analytics and the Ingestion Pipeline (Python),Epic,Medium,"*Acceptance Criteria:* \\  \\ * A Python dashboard states at least three business claims, each supported by a chart a non-technical reader can read unaided. \\ * Ingestion is structured as three separable extract, transform and load functions, with pytest over at least the transform. \\ * Market data is pulled from the Fauxnance API with the key read from the environment, and rate limits and errors are handled by class rather than by a bare try block. \\  \\ *Notes:* \\  \\ * The source this week is market data because the platform has no order flow yet. In Sprint 7 the same three functions are pointed at the platform's own trades and load the star schema. Build it as though the source were going to change, because it is. \\ * contracts/analytics-schema.sql is the analytical model. It is plain ANSI SQL and runs unchanged on DuckDB, the platform analytical store: one file on disk, no server, no account and no credentials. What is assessed is the model and the load, not the store. \\ * Fauxnance serves end-of-day candles and delayed quotes over HTTP. There is no stream, and the quota is 2000 requests per day per key. \\ * Security focus: validation and data-quality decisions (OWASP A08), safe handling of financial data, and a key that never reaches the repository.",Sprint 4,S4 Analytics & ETL,
LEAP1T1,Fauxnance Client with the Key from the Environment,Story,High,"*Acceptance Criteria:* \\  \\ * Historical candles are pulled through GET /candles/{symbol} with the key read from FAUXNANCE_API_KEY and from nowhere else. \\ * Raw pulls are cached to disk so that a re-run costs nothing against the quota. \\  \\ *Tasks:* \\  \\ Build the client under src/analytics/fauxnance/, sending the key in the X-Api-Key header. \\ Copy .env.example at the repository root to .env, which is git-ignored, and put your key there. \\ Cache the raw response under .cache/ keyed by symbol and range, and read it back when it is already there. \\ Check GET /usage before assuming the API is broken, and GET /health, which needs no key, before assuming anything at all. \\  \\ *Notes:* \\  \\ * Cache the raw response, not the cleaned frame. Changing the transform is the thing you will do most this week and it should not need a fresh pull. \\ * The key is never a literal in source, never in a test, never in a fixture, never in a notebook you commit. A key that reaches a commit has to be revoked, and the history keeps it whether or not you revoke it.",Sprint 4,,S4 Analytics & ETL
LEAP1T1,Error Handling by Failure Class,Story,High,"*Acceptance Criteria:* \\  \\ * Rate-limit and error handling is present and distinguishes the four failure classes, and is not a bare try block. \\ * A teammate can tell from the logs which of the four happened without rerunning the pipeline. \\  \\ *Tasks:* \\  \\ Handle an exhausted quota: HTTP 429 with Retry-After. Stop and say so plainly. Sleeping until midnight inside a batch run is not recovery. \\ Handle a request that is wrong: another 4xx. Fail that symbol, keep the message and carry on with the others, because retrying repeats the mistake. \\ Handle nothing reaching the service: a connection error or timeout. Retry with a growing backoff and give up after a small number of attempts. \\ Handle a response that arrived and is wrong: HTTP 200 carrying a bad row. That belongs to the transform, which decides between dropping, quarantining and raising. \\ Never log the key.",Sprint 4,,S4 Analytics & ETL
LEAP1T1,"Extract, Transform and Load as Three Separable Functions",Story,High,"*Acceptance Criteria:* \\  \\ * The pipeline is three functions in three modules, wired by a fourth that does nothing else, and each is individually callable. \\  \\ *Tasks:* \\  \\ Write extract so that it obtains raw responses and hands them on unchanged. It is the only part that needs a key and a network. \\ Write transform so that it takes data and returns data. It opens no socket, reads no environment variable and writes nowhere. \\ Write load so that it writes the result into the analytical store, and make it the only part that writes. \\ Record the three as module:function entries in the sprint README. \\ Give the pipeline an entry point a teammate can run without reading the source, and say which in a note at the bottom of claims.md. \\  \\ *Notes:* \\  \\ * A pipeline that fetches, cleans and writes in one function can only be tested against the live API, and when it produces a wrong number there is no way to ask which third of it was wrong.",Sprint 4,,S4 Analytics & ETL
LEAP1T1,Three Business Claims,Story,High,"*Acceptance Criteria:* \\  \\ * claims.md holds at least three claims, each stated as a sentence about the business that could turn out to be wrong, and each naming the chart artefact that supports it. \\  \\ *Tasks:* \\  \\ State what is true, of what, over what period and by how much, so that a reader could disagree and checking the data would settle it. \\ Name the artefact behind each claim, using a fragment where one file holds several charts. \\ Be ready to trace the numbers behind one claim back to the rows they came from. \\  \\ *Notes:* \\  \\ * A chart description is not a claim. It tells the reader what the picture is of and leaves them to work out whether anything follows. \\ * Be ready to answer what would have to be true for this claim to be wrong.",Sprint 4,,S4 Analytics & ETL
LEAP1T1,Charts a Non-Technical Reader Can Read Unaided,Story,Medium,"*Acceptance Criteria:* \\  \\ * Each claim is supported by a committed chart artefact that opens with no network and no build step. \\  \\ *Tasks:* \\  \\ Choose the chart type that fits each claim and write it out under src/analytics/dashboard/. \\ Label both axes with units, and title the chart with the finding rather than the variable names. \\ Remove unexplained abbreviations, tickers without a company name, and legend entries that only make sense to whoever wrote the query. \\ Commit the artefacts at the paths named in claims.md. \\  \\ *Notes:* \\  \\ * A dashboard that only exists while a notebook kernel is running cannot be assessed, and a chart that loads its library from a content delivery network is a blank page on a locked-down machine. \\ * The reader has your chart and no access to you.",Sprint 4,,S4 Analytics & ETL
LEAP1T1,"pytest over the Transform, Including the Malformed Case",Story,High,"*Acceptance Criteria:* \\  \\ * pytest covers at least the transform step and includes at least one malformed-input case, and the suite never touches the network. \\  \\ *Tasks:* \\  \\ Use the canned responses in fixtures/, loaded by tests/conftest.py, one of which is deliberately corrupted. \\ Read fixtures/README.md, decide what your transform does with each defect it lists, then assert it. \\ Name the malformed-input test in the sprint README as a pytest node id, so anyone can run it on its own. \\ Delete tests/test_example_fixture_use.py once your own tests use the fixtures. \\  \\ *Unit Test Execution Paths:* \\  \\ # a valid payload transforms to the expected frame \\ # a row missing a required field is handled as your transform declares \\ # a row whose high is below its low is refused rather than loaded \\ # an empty response is handled without error \\  \\ *Notes:* \\  \\ * Dropping a row, quarantining it and raising are all defensible, and they are not equally defensible for all of the defects. \\ * A suite that needs the API to be up fails on a train and gets skipped by the third person who sees it fail.",Sprint 4,,S4 Analytics & ETL
LEAP1T1,Read the Analytical Star Schema,Story,Medium,"*Acceptance Criteria:* \\  \\ * The team can explain the star in contracts/analytics-schema.sql: one fact table, its three dimensions, the grain, and why the analytical store is separate from the operational one. \\  \\ *Tasks:* \\  \\ Read the description block at the top of contracts/analytics-schema.sql, including the portability rules and the loading notes. \\ Stand the schema up in DuckDB and load it with something small, so the shape is familiar before Sprint 7 loads it for real. \\ Record where the database file lives and what creates it, because Sprint 7 loads into the same one. \\  \\ *Notes:* \\  \\ * The schema is given because it is a modelling style you have not met yet, and because two teams inventing incompatible fact tables would make the Sprint 7 pipeline work unassessable. \\ * The analytical store is DuckDB. One file, no server, no account and no credentials, and it has real DECIMAL, so money does not arrive as a float. The schema is written in plain ANSI SQL rather than in DuckDB dialect, which is what would let the same model move to a hosted warehouse without a rewrite.",Sprint 4,,S4 Analytics & ETL
LEAP1T1,Packaging and a Clean-Environment Install,Story,Medium,"*Acceptance Criteria:* \\  \\ * The package installs into an empty environment and the test suite passes there. \\  \\ *Tasks:* \\  \\ Record the three pipeline functions and the malformed-input test node id in the sprint README. \\ Build a scratch virtual environment, install the package into it and run your suite there. It needs no database and never calls Fauxnance. \\ Fix what fails and rerun until clean. \\  \\ *Notes:* \\  \\ * A test that asserts nothing still passes. A clean run says the suite ran, not that it checked anything, and nothing in it has ever opened one of your charts.",Sprint 4,,S4 Analytics & ETL
LEAP1T1,Trading Domain Engine (Java and OOAD),Epic,Medium,"*Acceptance Criteria:* \\  \\ * The trading rules live in a plain Java 21 package with no Spring, no servlet API and no JDBC driver anywhere in the dependency tree. \\ * Entities, the three enumerations, a validated request DTO, an exception hierarchy over the six specified cases and business rules 1 to 8 are implemented in the domain. \\ * Tests are written before implementation and the fact is evidenced in the commit history. \\  \\ *Notes:* \\  \\ * Two callers read these rules. Sprint 6 wraps them in a Spring Boot controller and Sprint 7 calls them again from a Kafka consumer, in a different process, against a price that did not exist when the order was placed. A rule that leaked into a controller has to be written twice, and the two copies drift. \\ * Nothing here starts a container, opens a socket or reads an environment variable, and it should stay that way. \\ * Security focus: validation in the domain model, defensive coding, and error messages that carry no internal detail (OWASP A05).",Sprint 5,S5 Core Business Logic,
LEAP1T1,UML Class and Sequence Diagrams,Story,High,"*Acceptance Criteria:* \\  \\ * A class diagram of the domain and a sequence diagram of order placement are committed under design/ and match the code. \\  \\ *Tasks:* \\  \\ Draw every type you wrote, its fields, the operations that carry behaviour, the enumerations, the exception hierarchy and the relationships with their cardinality. \\ Draw one order arriving at the domain and the eight rules being evaluated in order, showing what is consulted at each step and where each failure leaves the flow. \\ Draw the refusal paths, not only the happy path. \\ Commit as Mermaid in design/class-diagram.md and design/sequence-diagram.md, or as an exported image. \\ Update the diagrams when the code moves. \\  \\ *Notes:* \\  \\ * The review walks the diagram against the code. An assessor picks a class off the diagram, opens it, and expects the fields, operations and relationships to match. Every team member walks the whole diagram, including the parts they did not write.",Sprint 5,,S5 Core Business Logic
LEAP1T1,Domain Entities,Story,High,"*Acceptance Criteria:* \\  \\ * Account, Instrument, Order and Position are implemented and match the domain model. \\  \\ *Tasks:* \\  \\ Give Account the behaviour that moves its own balance, and refuse a debit that would leave it negative before anything is subtracted. \\ Keep both account identifiers on Account and keep them distinguishable: the numeric key that the platform passes around, and the customer-facing reference quoted on a support call. \\ Have Account report the version it was loaded at, for the optimistic lock Sprint 6 applies. The domain does not take the lock. \\ Give Instrument the symbol as its natural key and let it answer whether it may be traded, which is business rule 3. \\ Give Order both prices and keep them apart: the limit price the customer submitted, and the executed price the Trade Executor achieves in Sprint 7, which does not exist until the order is filled. \\ Have Order refuse a transition that is not allowed, rather than leaving that to whoever called it. \\ Give Position the asymmetric average cost rule: a buy recalculates the average across the old holding and the new units, a sell reduces the quantity and leaves the average cost alone. \\ Represent money as a decimal at two decimal places and never as a double. \\  \\ *Notes:* \\  \\ * Keeping the cost basis intact through a sale is what makes realised profit and loss computable at the point of sale, and the Sprint 10 Portfolio extension depends on it. \\ * Short selling is out of scope, so a position never goes negative.",Sprint 5,,S5 Core Business Logic
LEAP1T1,"The Three Enumerations, Exactly",Story,High,"*Acceptance Criteria:* \\  \\ * AccountStatus holds exactly ACTIVE, SUSPENDED and CLOSED. OrderSide holds exactly BUY and SELL. OrderStatus holds exactly NEW, FILLED, REJECTED and CANCELLED. \\  \\ *Tasks:* \\  \\ Declare the three enumerations under your base package with no extra and no renamed literal. \\ Spell CANCELLED with two Ls. \\  \\ *Notes:* \\  \\ * These literals appear in contracts/trade-api.yaml, the Angular UI generates its types from that file in Sprint 9, and the database stores the same strings. A renamed or extra literal is a break in three places at once. \\ * There is no partial-fill literal, which is why the Trade Executor fills in full or rejects. \\ * Check the literals against the compiled classes with javap rather than against your source. One commented out, or spelled differently in two places, is easy to miss by eye.",Sprint 5,,S5 Core Business Logic
LEAP1T1,The Order Request DTO with Validation,Story,High,"*Acceptance Criteria:* \\  \\ * PlaceOrderRequest carries the six fields in contracts/trade-api.yaml and every constraint on them is enforced and tested. \\  \\ *Tasks:* \\  \\ Constrain the account key to the numeric account identifier, at least 1, and require it. \\ Constrain the symbol to a non-blank value within the contract's length limit. \\ Constrain the side to one of BUY or SELL. \\ Constrain the quantity to whole units greater than zero, which is business rule 4. \\ Constrain the price to greater than zero with at most two decimal places, which is business rule 5. \\ Constrain the idempotency key to the length range in the contract. \\ Keep the DTO in the domain, because those are business constraints rather than transport constraints. \\  \\ *Unit Test Execution Paths:* \\  \\ # a valid request passes every constraint \\ # a null required field is refused \\ # a non-positive quantity is refused \\ # a non-positive price is refused \\ # a price with three decimal places is refused \\ # an idempotency key either side of the length limits \\  \\ *Notes:* \\  \\ * Bean Validation annotations are the one framework the architecture allows inside the domain, and jakarta.validation-api is the only compile dependency in the scaffold. Validating by hand is allowed: what is assessed is that every constraint is enforced and tested.",Sprint 5,,S5 Core Business Logic
LEAP1T1,The Exception Hierarchy,Story,High,"*Acceptance Criteria:* \\  \\ * Six exception types cover account not found, account not active, instrument not found, insufficient funds, insufficient holdings and duplicate order, and all six descend from one domain base type. \\ * The base type carries the catalogue code, not an HTTP status. \\  \\ *Tasks:* \\  \\ Map each case to its code from contracts/trade-api.yaml: ACC-404, ACC-403, INS-404, ORD-400, ORD-409 for insufficient holdings and ORD-409 for a duplicate order. \\ Keep the message to the catalogue message and nothing else: no account key, no symbol, no amount, no class name, no SQL fragment. \\ Carry the values an investigation needs as typed fields on the exception, to be logged on the server. \\ Decide what your hierarchy does about a quantity or price that is out of range, since VAL-422 is a documented outcome with no member in the list of six, and be ready to defend it. \\ Record the six class names in the sprint README against the cases they cover. \\  \\ *Notes:* \\  \\ * One code can mean two things and one case can carry two codes. An unknown instrument and a suspended instrument both answer INS-404. Neither is an accident. \\ * Put a status on the exception and you have dragged the web layer into the domain a sprint early. Sprint 6 maps a code to a status in one place, and Sprint 7 maps the same code to a rejection reason on a Kafka event.",Sprint 5,,S5 Core Business Logic
LEAP1T1,"Business Rules 1 to 8, in Evaluation Order",Story,High,"*Acceptance Criteria:* \\  \\ * All eight rules are implemented in the domain and not in a controller, and the first failure wins with no later rule evaluated. \\  \\ *Tasks:* \\  \\ Enforce rule 1, the account must exist, then rule 2, the account must be ACTIVE, then rule 3, the instrument must exist and be tradable. \\ Enforce rules 4 and 5 in the domain as well as on the DTO, because the domain has to hold for a caller that never ran a validator. \\ Enforce rule 6 on a BUY, the cash balance at least quantity multiplied by price, and rule 7 on a SELL, the held quantity at least the order quantity. \\ Enforce rule 8, the idempotency key must not already have been used, and design the seam that lets it be testable here without a database. \\ Leave room for rule 9, cash and position move together or neither moves, and rule 10, every order is recorded including a rejected one. \\ Test the evaluation order itself, not only the eight rules. \\  \\ *Unit Test Execution Paths:* \\  \\ # each of the eight rules firing, as an isolated test \\ # each of the eight rules not firing, as an isolated test \\ # a suspended account holding no cash answers ACC-403 and not ORD-400 \\ # a domain object is not half mutated when a precondition fails \\  \\ *Notes:* \\  \\ * The order is part of the contract. The Angular order ticket branches on the code in Sprint 9. \\ * Rule 8's authority in Sprint 6 is the unique constraint you built in Sprint 3, not a read followed by a write. Two concurrent requests carrying the same key both pass a read-then-write check, and the side effect of losing that race is a duplicated trade.",Sprint 5,,S5 Core Business Logic
LEAP1T1,Test-First Development and the Three Named Classes,Story,High,"*Acceptance Criteria:* \\  \\ * AccountTest, OrderLogicTest and PlaceOrderRequestValidationTest exist by those names, are green, and carry at least 24 tests between them. \\ * The commit history shows the tests arriving before the implementation. \\  \\ *Tasks:* \\  \\ Commit a failing test on its own, with a message saying what it asserts, then the smallest implementation that turns it green, then a refactor where there is one. \\ Cover status, debit, credit, affordability, the refusal to go negative and money that does not drift over many operations in AccountTest. \\ Cover the eight rules firing and not firing, plus the evaluation order, in OrderLogicTest. \\ Cover every DTO constraint, including the boundary either side of each limit, in PlaceOrderRequestValidationTest. \\ Commit small, commit often and push as you go, so the history exists somewhere other than one laptop. \\  \\ *Notes:* \\  \\ * A history in which the test for a rule and the implementation of that rule first appear in the same commit does not pass, and a single commit at the end of the week holding the whole module fails outright. \\ * The named classes are a floor, not a target. Write the other classes your entities need.",Sprint 5,,S5 Core Business Logic
LEAP1T1,A Domain Module with No Framework on its Classpath,Story,High,"*Acceptance Criteria:* \\  \\ * mvn dependency:tree contains no Spring, servlet or JDBC artefact, including transitively, and the project builds and tests from a clean checkout. \\  \\ *Tasks:* \\  \\ Leave the banned-dependencies rule in pom.xml in place. It is the criterion enforced by the build rather than by good intentions. \\ Keep the base package name stable, because Sprint 6 takes these sources into the Trade REST API under that name. \\ Build and test from a clean checkout and fix what fails. \\  \\ *Notes:* \\  \\ * If you find yourself wanting to remove the rule, the thing you are about to add belongs in Sprint 6. \\ * There is nothing to install. Sprint 6 absorbs this package as source rather than resolving a published artifact, which is what lets a clean checkout of the platform build with one command. \\ * A green suite counts tests, it does not read them. Whether each rule is correct, in the right order and in the domain rather than in a caller is assessed at the review.",Sprint 5,,S5 Core Business Logic
LEAP1T1,Trade REST API (Spring Boot),Epic,Medium,"*Acceptance Criteria:* \\  \\ * A layered, Dockerised Spring Boot service implements contracts/trade-api.yaml over MyBatis against the Sprint 3 schema, calling the Sprint 5 domain for every rule. \\ * Every route under /api/v1/ verifies a JWT issued by the provided Node auth stub, and rejects a missing or invalid token with AUTH-401. \\ * Order placement is transactional and the account version column carries an optimistic lock. \\  \\ *Notes:* \\  \\ * The contract is the specification. It was written before the service existed so that the Angular application in Sprint 9 can generate a typed client from it without anyone reading your Java. \\ * services/auth-stub is provided. It is a fixture, not a deliverable: nothing in it is assessed and nothing in it is to be modified. It exists because Sprint 6 has to verify a real token and Node is not taught until Sprint 8. Start it with docker compose --profile platform up -d --build. \\ * In Sprint 6 there is no Trade Executor, so POST /api/v1/orders fills synchronously and answers FILLED or REJECTED. From Sprint 7 the same endpoint answers NEW. The contract documents both. \\ * Security focus: token verification before any controller runs, Bean Validation on request DTOs, and an error envelope that leaks nothing (OWASP A01, A03, A05).",Sprint 6,S6 Trade REST API,
LEAP1T1,Project Setup and the Layered Structure,Story,Medium,"*Acceptance Criteria:* \\  \\ * Controller, service and mapper layers exist with clear responsibilities, and no SQL appears in a controller and no HTTP type in the domain. \\  \\ *Tasks:* \\  \\ Add web, validation, MyBatis, the Postgres driver and the OpenAPI dependencies. \\ Bring the Sprint 5 domain in as source: copy the package into this project under the same base package, and record that package in the sprint README. There is no second artifact to build and no coordinates to keep in agreement. \\ Let the controller speak HTTP, DTOs, status codes and validation annotations only. \\ Let the service speak the domain package, the mappers and one transaction, and never take a servlet type, a request object or a status code as a parameter. \\ Let the mapper speak parameterised SQL and result mapping, and decide nothing. \\ Read every value that differs between a laptop and a container from an environment variable, with a default that works under Docker Compose. Commit no secret, including the development ones. \\  \\ *Notes:* \\  \\ * A query written in the class that handles the request cannot be tested without a web layer and cannot be reused by the service that needs the same rows next sprint. \\ * The domain package must still carry no servlet API type and no Spring annotation beyond validation. Nothing but review enforces that now that it sits in the same build, which is the form the rule takes in most real codebases. The Trade Executor in Sprint 7 applies the same rules in a process with no HTTP request in it at all.",Sprint 6,,S6 Trade REST API
LEAP1T1,The Six Endpoints Against the Contract,Story,High,"*Acceptance Criteria:* \\  \\ * POST /api/v1/orders, DELETE /api/v1/orders/{id}, GET /api/v1/accounts/{id}, /balance, /positions and /orders are implemented and match contracts/trade-api.yaml field for field. \\  \\ *Tasks:* \\  \\ Implement order placement and cancellation, returning the recorded order and the cancelled order in the contract's shapes. \\ Implement the four account reads, with positions limited to a net quantity above zero and order history newest first. \\ Match AccountResponse carefully: it is the one place in the platform where accountId means the string business reference, and AccountResponse.id is what every other endpoint calls accountId. \\ Return ORD-409 when cancelling an order that cannot be cancelled. \\  \\ *Unit Test Execution Paths:* \\  \\ # an order is placed and answers the contract shape \\ # an order is refused on a business-rule failure and answers the documented code \\ # a working order is cancelled successfully \\ # cancelling a filled or already cancelled order answers ORD-409 \\ # account, balance, positions and order history each answer for a valid account \\ # an unknown account answers ACC-404 \\  \\ *Integration Test* \\  \\ Place and cancel an order through the real controller, service and MyBatis persistence against Postgres, then read the account, balance, positions and order history back. \\  \\ *Notes:* \\  \\ * Getting AccountResponse wrong compiles, passes your own tests, and breaks the generated client in Sprint 9.",Sprint 6,,S6 Trade REST API
LEAP1T1,MyBatis Mappers with Parameterised Statements,Story,High,"*Acceptance Criteria:* \\  \\ * Every value arriving from outside the service is bound with #{}, and no ${} appears in any mapper statement, XML or annotation. \\  \\ *Tasks:* \\  \\ Write mapper interfaces in Java and statements in XML under src/main/resources/mapper/, or in annotations on the interface. \\ Bind the account key, the symbol, the status filter and every timestamp as parameters. \\ Return the affected row count from any mapper that updates, because a mapper returning void has thrown away the only evidence that anything happened. \\ If you need an interpolated column name or sort direction, check the value against a fixed list of permitted names first and record the file and the token in the sprint README as an allowlist entry. \\  \\ *Unit Test Execution Paths:* \\  \\ # an order row is inserted and read back \\ # an account and its positions read correctly \\ # a constraint violation surfaces rather than being swallowed \\  \\ *Notes:* \\  \\ * ${} is a string substitution performed before the statement reaches the driver. A symbol crafted by an attacker becomes part of the statement, and the account whose positions come back is whichever account they asked for. That is OWASP A03. \\ * The allowlist starts empty, and an entry in it is a question you will be asked in the review.",Sprint 6,,S6 Trade REST API
LEAP1T1,Transactional Order Placement,Story,High,"*Acceptance Criteria:* \\  \\ * Order placement is annotated @Transactional so that the order record, the cash movement and the position write succeed or fail together. \\  \\ *Tasks:* \\  \\ Put the transaction boundary around the work that has to be atomic, and nothing more. \\ Call the Sprint 5 domain for every rule. The service owns transport and persistence, not the decision. \\ Record the order whatever the outcome, including a rejection, because the order table is the audit trail. \\  \\ *Unit Test Execution Paths:* \\  \\ # a placed order commits the cash movement and the position together \\ # a failed order rolls back with no partial write \\ # a rejected order is still recorded",Sprint 6,,S6 Trade REST API
LEAP1T1,Optimistic Locking on the Account Version,Story,High,"*Acceptance Criteria:* \\  \\ * Every write to the account row names the version it was read at and increments it, and zero rows affected is treated as the refusal it is. \\  \\ *Tasks:* \\  \\ Read the version with the row rather than fetching it separately. \\ Make the update conditional on that version, and answer ORD-409 when it affects no rows. \\ Apply the same reasoning to the order state transition behind DELETE /api/v1/orders/{id}: make the transition conditional on the state you expect, in one statement. \\  \\ *Unit Test Execution Paths:* \\  \\ # a concurrent update is detected and the second write affects no rows \\ # a lost update surfaces as a refusal rather than as a silently wrong balance \\ # cancelling an order that is no longer NEW affects no rows and answers ORD-409 \\  \\ *Notes:* \\  \\ * Without the lock, two buys of 20,000 against a balance of 25,000 both succeed and the account is left with 5,000 instead of being 15,000 overdrawn. There is no error, no log line and no symptom until somebody reconciles cash against the order history the next morning.",Sprint 6,,S6 Trade REST API
LEAP1T1,Global Exception Handler and the Error Catalogue,Story,High,"*Acceptance Criteria:* \\  \\ * One @ControllerAdvice maps every domain exception to its documented code and status, and every failure leaves the service as the error envelope and nothing else. \\  \\ *Tasks:* \\  \\ Return {""errorCode"": ..., ""message"": ...} for every failure. Not a whitelabel page, not a stack trace, not a bare status with an empty body. \\ Map ACC-404 to 404, ACC-403 to 403, INS-404 to 404, ORD-400 to 400, ORD-409 to 409, VAL-422 to 422 and AUTH-401 to 401. \\ Keep the message free of class names, SQL fragments, account keys and internal identifiers, and log those on the server instead. \\  \\ *Unit Test Execution Paths:* \\  \\ # account not found maps to ACC-404 with status 404 \\ # an inactive account maps to ACC-403 with status 403 \\ # insufficient funds maps to ORD-400 with status 400 \\ # insufficient holdings and a reused idempotency key both map to ORD-409 \\ # a field validation failure maps to VAL-422 with status 422 \\ # no response body carries a stack trace or an internal identifier \\  \\ *Notes:* \\  \\ * The Angular application has one error handler because there is one envelope. Clients branch on errorCode and never on the status alone, because 404 and 409 each carry more than one code.",Sprint 6,,S6 Trade REST API
LEAP1T1,JWT Verification Against the Provided Auth Stub,Story,High,"*Acceptance Criteria:* \\  \\ * Every route under /api/v1/ verifies the token before any controller runs, and a missing, malformed, expired or wrongly signed token answers AUTH-401 with the same body in all four cases. \\ * A caller whose accountId claim does not reach the account in the request answers ACC-403, with the same message a suspended account gets. \\  \\ *Tasks:* \\  \\ Read services/auth-stub/README.md for the demo users, the claims the token carries and the shared signing secret. \\ Check the signature, the expiry and the algorithm the token asks for, in that order, before reading a single claim. \\ Read the signing secret from JWT_SECRET in the environment, never from a properties file. \\ Answer authentication once for every protected route, and answer authorisation where the account key is known. \\  \\ *Unit Test Execution Paths:* \\  \\ # a valid token from the stub is accepted \\ # a missing Authorization header answers AUTH-401 \\ # a wrong scheme answers AUTH-401 \\ # an expired token answers AUTH-401 \\ # a forged signature answers AUTH-401 \\ # a token whose accountId claim does not reach the account answers ACC-403 \\  \\ *Notes:* \\  \\ * The stub is a fixture. It has no tests to write and nothing in it is assessed. \\ * A verifier that decodes the payload first and checks the signature afterwards has already trusted whatever the client sent. \\ * A more specific message tells an attacker which of the four they got wrong, which is a free oracle and costs you nothing to avoid. \\ * Sprint 8 replaces the stub with the real service. The claims, the algorithm and the secret are identical by design, so the swap is a configuration change and no code in this service is expected to change.",Sprint 6,,S6 Trade REST API
LEAP1T1,Structured Logging,Story,Low,"*Acceptance Criteria:* \\  \\ * The service emits structured logs sufficient to audit order activity, and no secret or sensitive payload reaches them. \\  \\ *Tasks:* \\  \\ Log order placement, cancellation and every mapped error, with the values an investigation needs. \\ Keep tokens, secrets and request bodies out of the log calls.",Sprint 6,,S6 Trade REST API
LEAP1T1,Multi-Stage Dockerfile and the Compose Entry,Story,Medium,"*Acceptance Criteria:* \\  \\ * The service builds and runs from a multi-stage Dockerfile whose final stage is not a build image, and it starts under docker compose --profile platform. \\  \\ *Tasks:* \\  \\ Read Dockerfile.example, which is the naive single-stage version, then write Dockerfile properly. \\ Build in one stage that has Maven and a JDK 21, and run from a separate stage that has neither, copying the built jar across. \\ Run as a user that is not root, expose the service port and answer a health check. \\ Order the copies so a change to a source file does not invalidate the layer holding the resolved dependencies. \\ Set the build context to this folder. The domain package is part of these sources, so there is one project to build and no local Maven repository for the image build to reach. \\ Add the service to docker-compose.yml with a build block, profiles [platform], networks [trading-net], a published port, the database variables, JWT_SECRET passed through from .env, depends_on Postgres on its health condition, and a health check. \\  \\ *Notes:* \\  \\ * localhost inside a container is the container. The compose service name is postgres. \\ * Nothing in this sprint needs Kafka. The broker starts with the infrastructure and this service ignores it until Sprint 7.",Sprint 6,,S6 Trade REST API
LEAP1T1,"Event Backbone: Kafka, the Trade Executor and the Batch Pipeline",Epic,High,"*Acceptance Criteria:* \\  \\ * The team creates three topics and their dead-letter counterparts, with the keys, partition counts and retention in contracts/kafka-topics.md, and records why each one is shaped that way. \\ * The Trade REST API publishes accepted orders to orders and answers NEW. The team builds the Trade Executor, which consumes orders, prices against a live Fauxnance quote, applies fill or reject rules, updates order, cash and position in one transaction, and publishes to trade-events. \\ * The team builds the market-data poller as a scheduled Java component inside the Trade Executor, and a batch pipeline that loads FACT_TRADES with dead-letter handling. \\ * Characterisation tests are written before any refactoring of the provided starter, and the SonarQube gate passes on the Java services and the pipeline. \\  \\ *Notes:* \\  \\ * There is no broker simulator in this platform and there will not be one. You build the execution venue, and it is the only component that decides whether an order fills. \\ * Fauxnance has no stream. The poller is what manufactures it, and its existence is the reason the Sprint 10 extensions that read prices have anything to consume. It runs on a schedule inside the Trade Executor rather than as a service of its own, because the executor already calls Fauxnance to price a fill: one service calls Fauxnance, one service holds the key. The quota is 2000 requests per day per key, and the poller shares it with the fill pricing beside it. \\ * Nothing creates the topics for you. The broker starts empty, auto-creation is off, and a producer that runs before its topic exists gets an error rather than a one-partition topic nobody chose. \\ * Kafka guarantees at-least-once, deliberately, because the alternative is a broker that occasionally loses a trade. The deliverable is not a consumer that works, it is a consumer that is correct when the message arrives twice, and a team that can prove it on demand. \\ * Security focus: DevSecOps scanning run locally as scripts, covering SAST, dependency scanning and secret detection, and SonarQube quality gates (OWASP A06, A08).",Sprint 7,S7 Event-Driven Backbone,
LEAP1T1,Three Topics with Documented Keys and Partition Counts,Story,High,"*Acceptance Criteria:* \\  \\ * orders, trade-events and market-data exist with the keys, partition counts and retention the contract fixes, created by the team rather than by anything shipped with the platform. \\ * A written justification of the partition counts and the key choices is committed, arguing from the contract reasoning rather than repeating it, and any member of the team can defend it. \\  \\ *Tasks:* \\  \\ Create orders keyed by the account, with 3 partitions and 7-day retention, as a work queue with exactly one consumer group. \\ Create trade-events keyed by the account, with 3 partitions and 30-day retention, as the platform's event log. \\ Create market-data keyed by symbol, with 6 partitions and 1-day retention. \\ Create the three dead-letter topics named <topic>.DLT, alongside them. \\ Decide what runs the creation. sprint-07-event-backbone/scripts/create-topics.sh is an empty file at a named path, and filling it in is one answer; three commands typed once and recorded is another. What matters is that the topics exist with the contracted names and partition counts, not how they got there. \\ Record the reasoning for the key and the partition count where your team keeps its decisions, and bring it to the review. \\  \\ *Notes:* \\  \\ * Kafka orders messages within a partition and promises nothing across partitions. Keying by account is what stops a sell being processed before the buy that made it possible. Keying by order identifier puts every message on its own partition and throws the guarantee away. \\ * Partitions can be increased and never decreased, and increasing them rehashes the keys. \\ * Serialisation is JSON, one envelope on all three topics, and consumers ignore fields they do not recognise.",Sprint 7,,S7 Event-Driven Backbone
LEAP1T1,Publish to orders and Answer NEW,Story,High,"*Acceptance Criteria:* \\  \\ * POST /api/v1/orders writes the order at NEW, answers NEW, and publishes an ORDER_PLACED message to orders keyed by the account after the transaction commits. \\  \\ *Tasks:* \\  \\ Stop computing a fill in the Sprint 6 service. There is no price in that request and pricing is the executor's job. \\ Publish after the commit, never inside the transaction. \\ Configure the producer with acks=all, enable.idempotence=true, a high retry count and no more than five requests in flight per connection. \\ Leave the validation, the layering, the error catalogue, the optimistic lock and the token verification exactly as they are. \\ Expect your Sprint 6 live checks that asserted a terminal status to see NEW, which is correct. \\  \\ *Unit Test Execution Paths:* \\  \\ # the order is persisted and then the event is published \\ # a rolled-back order publishes no event \\ # a publish failure leaves a committed order that can be recovered by replay \\  \\ *Notes:* \\  \\ * Publishing inside the transaction risks an event for an order that then rolled back, and nothing can undo that. Publishing after risks an order that committed and was never published, and that is recoverable by replaying from the order table. Choose the recoverable failure. \\ * An idempotent producer removes the duplicates a producer retry causes. It does not remove the duplicates an application retry causes, which is why the executor still has work to do.",Sprint 7,,S7 Event-Driven Backbone
LEAP1T1,Build the Trade Executor Consumer,Story,High,"*Acceptance Criteria:* \\  \\ * A separate deployable consumes orders in the consumer group trade-executor, and settles, publishes and acknowledges in that order. \\  \\ *Tasks:* \\  \\ Build the executor under executor/ as its own service, subscribed to orders with an explicit group.id of trade-executor. \\ Load the order from Postgres on receipt, and treat a status other than NEW as a previous delivery having already settled it. \\ Check the instrument is still tradable before fetching a price. \\ Settle in one transaction, then publish to trade-events, then acknowledge the offset. \\ Handle partition rebalancing. \\ Add the executor to docker-compose.yml under the platform profile, with KAFKA_BOOTSTRAP_SERVERS pointing at kafka:29092, FAUXNANCE_API_KEY passed through from .env, the database variables and depends_on Postgres on its health condition. \\  \\ *Unit Test Execution Paths:* \\  \\ # a message is consumed and the offset committed after processing \\ # an order already in a terminal status is recognised and nothing is written \\ # a rebalance reassigns partitions without losing a message \\ # more consumers than partitions leaves one idle \\  \\ *Notes:* \\  \\ * Publishing before the commit risks an event for a transaction that rolled back. Acknowledging before publishing risks an order that settled in Postgres and told nobody.",Sprint 7,,S7 Event-Driven Backbone
LEAP1T1,Fill Pricing Against a Live Quote and Settlement in One Transaction,Story,High,"*Acceptance Criteria:* \\  \\ * Each order is priced against a live Fauxnance quote, the fill or reject rule is applied, and the order status, the cash movement and the position write happen in one transaction or not at all. \\ * ORDER_FILLED or ORDER_REJECTED is published to trade-events, keyed by the account. \\  \\ *Tasks:* \\  \\ Fetch a quote with GET /quotes/{symbol}, reading the key from FAUXNANCE_API_KEY. \\ Start from the workable default: fill the whole order at the quoted price when a BUY limit price is at or above the quote or a SELL limit price is at or below it, and reject otherwise. The rule is your design decision, constrained by business rules 1 to 8. \\ Write the rule as a function of an order and a quote returning a decision. It touches no database and no socket, which is the only reason its interesting cases will get tested. \\ Decide and defend four details: what price is stored and when you round, which of the Sprint 5 rules are re-checked here, what a suspended account does when it was suspended after acceptance, and what happens when no price can be obtained. \\ Add a migration for the columns the executor writes that your Sprint 3 schema may not have yet: the price a fill happened at, when it happened, and why an order was rejected. \\ Apply the optimistic lock on the account version inside the transaction, re-reading and retrying up to a bounded number of attempts. \\  \\ *Unit Test Execution Paths:* \\  \\ # a marketable buy fills at the quoted price and debits cash once \\ # a non-marketable order is rejected with a stated reason \\ # a buy is rejected when cash no longer covers it at execution time \\ # a sell is rejected when holdings no longer cover it at execution time \\ # an account suspended after acceptance does not trade \\ # no quote available produces a rejection rather than an order left at NEW \\ # a rejection is published to trade-events rather than swallowed \\  \\ *Notes:* \\  \\ * Partial fills are out of scope, because OrderStatus has no state to represent one. There is no working state between NEW and a terminal status, so an unmarketable order is rejected rather than rested. \\ * An order marked filled beside cash that did not move leaves the audit trail disagreeing with the balance, and nothing in the platform reconciles the two for you. \\ * A price feed being down is a business outcome, not a message-processing failure. Leaving the order at NEW for ever is worse than rejecting it.",Sprint 7,,S7 Event-Driven Backbone
LEAP1T1,"Idempotent Processing, Retries and Dead-Letter Routing",Story,High,"*Acceptance Criteria:* \\  \\ * Replaying a duplicate message does not double-debit an account, no second event appears on trade-events, and the team can demonstrate that live at any point in the review. \\ * A poison message is dead-lettered on the first attempt and a transient failure is retried with a growing backoff before it is dead-lettered. \\  \\ *Tasks:* \\  \\ Make the guarded state transition the first write in the transaction, conditioned on the status you expect, and treat zero rows affected as another delivery having got there first. \\ Dead-letter on the first attempt anything that will never succeed: malformed JSON, a missing order identifier, an order identifier not in Postgres, an unexpected event type. \\ Retry with backoff anything that will succeed later: a briefly unreachable broker, a lost database connection, an exhausted optimistic-lock budget. Dead-letter once the budget is spent. \\ Do not retry a poison message indefinitely. One bad message blocking a partition stops every account keyed to that partition. \\ Rehearse the demonstration: read one message off orders, produce it back, then show the balance before, the balance after, the log line where the executor recognised the duplicate, and the absence of a second event on trade-events. \\  \\ *Unit Test Execution Paths:* \\  \\ # a duplicate delivery leaves cash and position unchanged \\ # a duplicate delivery publishes no second event \\ # a malformed message is dead-lettered on the first attempt \\ # a transient failure is retried with backoff and then succeeds \\ # an exhausted retry budget dead-letters rather than looping \\  \\ *Integration Test* \\  \\ Place an order, produce the message back onto orders, and confirm that the balance did not move and that no second event appeared. \\  \\ *Notes:* \\  \\ * Being able to reproduce it once is not the same as being able to give the demonstration, and the review asks for the demonstration. \\ * A read, then a decision, then a write can be run twice by two deliveries. A write conditioned on the state it expects cannot, because the database serialises the two updates.",Sprint 7,,S7 Event-Driven Backbone
LEAP1T1,Market-Data Poller Inside the Trade Executor,Story,High,"*Acceptance Criteria:* \\  \\ * A scheduled component inside the Trade Executor calls the batch quotes endpoint on an interval and publishes one message per symbol to market-data, keyed by symbol. \\ * It batches up to 25 symbols per call and stays inside the daily quota, and the arithmetic behind the chosen interval is written down. \\  \\ *Tasks:* \\  \\ Call GET /quotes?symbols=A,B,C with at most 25 symbols, which costs one request whatever the symbol count. \\ Publish one message per symbol, never one per batch, because batching the Kafka message puts several symbols behind one key and destroys the per-symbol ordering the contract promises. \\ Poll only the symbols you hold or watch. \\ Enforce a floor on the interval in code rather than documenting one and hoping. \\ Give the poller a budget that is its share of the quota rather than the whole of it, because the fill pricing in the same service needs quotes too. \\ Write it in Java inside the executor, on a schedule, reusing the Fauxnance client and the Kafka producer that are already there. It gets no container, no port and no compose entry of its own; the executor reads POLL_INTERVAL_SECONDS from the environment. \\  \\ *Unit Test Execution Paths:* \\  \\ # a batch of 25 symbols is one Fauxnance request \\ # one Kafka message is published per symbol \\ # polling is limited to held and watched symbols \\ # the interval floor cannot be configured below its limit \\  \\ *Notes:* \\  \\ * Eight symbols fetched one at a time every 30 seconds is 23040 requests and the key is gone in a little over two hours. The same data batched is 2880. \\ * Nothing at a 30 second interval survives being left running overnight. Stop the stack at the end of the session, or run at 60 seconds. \\ * The poll schedule has nothing to do with order placement, and coupling the two misreads both. \\ * The Angular application never calls Fauxnance, because that ships a key to every browser that loads the page.",Sprint 7,,S7 Event-Driven Backbone
LEAP1T1,Batch Pipeline into the Analytical Store,Story,High,"*Acceptance Criteria:* \\  \\ * The pipeline loads FACT_TRADES and its three dimensions from Postgres, incrementally and idempotently, with dead-letter handling for bad rows. \\ * The post-load reconciliation agrees with Postgres on row count and summed trade value for a day. \\  \\ *Tasks:* \\  \\ Load dimensions before facts: dim_date across the whole range, then dim_instrument, then dim_account, then fact_trades. \\ Drive the load from a watermark on the order creation timestamp so a scheduled run reads what is new rather than the whole table. \\ Merge on the natural key rather than inserting, so re-running yesterday's load does not double-count. \\ Load rejected and cancelled orders as well as fills, because fill rate cannot be computed from fills alone. The grain is one order in whatever status it reached. \\ Run every check in the contract's load and data quality section before a row reaches the fact table: referential integrity into all three dimensions, positive quantity and price, a valid side and status, and a trade value recomputed rather than trusted. \\ Send a failing row somewhere with the reason it failed and the batch it came from. \\ Reconcile the fact table against Postgres after the load. \\  \\ *Unit Test Execution Paths:* \\  \\ # a first load populates the dimensions and the fact table \\ # a second load with no new data adds no rows \\ # a row failing a quality check reaches the dead-letter path and not the fact table \\ # the pipeline continues after a bad row \\ # a transient failure is retried and then succeeds \\  \\ *Notes:* \\  \\ * Do not insert a placeholder dimension row to make an unresolved key pass. That hides the fault, which is almost always that the dimension load was skipped. \\ * Dropping a row silently and dead-lettering it produce the same fact table, and only one of them can be investigated on Monday morning.",Sprint 7,,S7 Event-Driven Backbone
LEAP1T1,Characterisation Tests Before Refactoring the Starter,Story,High,"*Acceptance Criteria:* \\  \\ * Characterisation tests exist under etl-starter/tests/ and pass, and the first commit that adds one is an ancestor of the first commit after the scaffold that touches etl-starter/src/. \\  \\ *Tasks:* \\  \\ Run the provided loader against the seeded stack first and read what it does. etl-starter/README.md says how. \\ Write tests that record what the loader does now, including the parts you disagree with, so that a change altering behaviour by accident fails loudly instead of quietly. \\ Start where the behaviour is observable: what warehouse a known set of source rows produces, what happens to a row that cannot be placed, what a second run does to a warehouse that already holds the first. \\ Use etl-starter/fixtures/source-rows.json so a test can put rows through the loader without a Postgres container. \\ Then refactor: separate what does not belong together, make the load idempotent, give bad rows somewhere to go, and keep the tests green while you do it. \\ Where you decide a behaviour was wrong and change it deliberately, change the test in the same commit and say so in the message. \\ Commit in small pieces. A history of one commit per week cannot show this. \\  \\ *Notes:* \\  \\ * The starter is flawed by design. Somebody wrote it under pressure, it went into service, and it has been running ever since. The list of flaws is not published, it is not in this repository and you will not be given it. Finding them is the exercise. \\ * You cannot write a characterisation test after the change, because a test written against refactored code records the behaviour of the refactored code, which is the one thing it cannot then be used to check. \\ * Tests and a change to the loader in the same commit do not satisfy the rule. Neither does tidying the loader first and pinning it afterwards.",Sprint 7,,S7 Event-Driven Backbone
LEAP1T1,SonarQube Quality Gate and DevSecOps Scanning,Story,Medium,"*Acceptance Criteria:* \\  \\ * The default quality gate passes on the Java services and on the pipeline, with no new blocker or critical issue and no new security hotspot left unreviewed. \\ * SAST, dependency scanning and secret detection run locally against the same code, and anything they report is fixed rather than left for the review. \\  \\ *Tasks:* \\  \\ Run SonarQube locally in a container named for your team, create a project and generate a token. Export the token, never commit it. \\ Scan the Java services with the Maven scanner and the Python pipeline with the scanner image. \\ Act on the findings during the week rather than on Friday. \\ Run SAST, dependency scanning and secret detection as part of the local scan, and fix what they report during the week. \\  \\ *Notes:* \\  \\ * The gate is checked at the review, on your screen, on the project you scanned. \\ * Passing by marking findings as will not fix is visible in the dashboard and is not passing.",Sprint 7,,S7 Event-Driven Backbone
LEAP1T1,Dashboard Reading Both Sources,Story,Low,"*Acceptance Criteria:* \\  \\ * The Sprint 4 dashboard reads from both the real-time stream and the batch analytical store, and the two views are reconciled. \\  \\ *Tasks:* \\  \\ Extend the Sprint 4 dashboard to read the loaded star schema as well as the market-data stream. \\ Reconcile the two views and explain any discrepancy rather than hiding it.",Sprint 7,,S7 Event-Driven Backbone
LEAP1T1,Authentication Service (NestJS),Epic,High,"*Acceptance Criteria:* \\  \\ * A NestJS service implements contracts/auth-api.yaml: register, login, refresh and a protected current-user route, with credentials hashed in Postgres. \\ * The access token carries exactly the claims contract, refresh tokens rotate, and a failed login answers identically for an unknown user and a wrong password. \\ * Swapping the provided stub for this service is a configuration change only, with no code change in the Trade REST API. \\ * The running service serves its own OpenAPI document, and an OWASP security review is committed with a finding and a disposition in every category. \\  \\ *Notes:* \\  \\ * This is the one component that ever sees a credential. Every other component verifies a signature with no network call and no shared database. \\ * services/auth-stub has been standing in since Sprint 6. It has no database, no registration, no hashing and no refresh. This sprint retires it. \\ * Security focus: password hashing, token issuance and lifecycle, replay and timing attacks, and access control on the current-user route (OWASP A01, A02, A04, A07).",Sprint 8,S8 Auth Service,
LEAP1T1,"NestJS Scaffold, Module Structure and the Dockerfile",Story,Medium,"*Acceptance Criteria:* \\  \\ * A modular, layered TypeScript service builds from the files in the repository, installs from the lock file, and runs from a multi-stage Dockerfile you wrote. \\  \\ *Tasks:* \\  \\ Organise the modules so each has a single responsibility and a dependency direction it respects, and record the structure in the sprint README. \\ Commit package-lock.json, because a build that resolves a different tree on a teammate's laptop is not the build you tested. \\ Write the Dockerfile: build in a stage that has the toolchain, run in a stage that does not, copy the artefact across, run as a user that is not root, expose the port and answer a health check. \\ Install production dependencies deliberately rather than copying a development tree across. \\ Copy .env.example to .env and take JWT_SECRET from the repository root .env. It ships empty on purpose. \\ Replace the auth-stub entry in docker-compose.yml with your service, on the same port. \\  \\ *Notes:* \\  \\ * There is no Dockerfile in this folder deliberately. You wrote one for a Spring Boot service in Sprint 6 and writing the equivalent for a Node service is the exercise. \\ * If you chose argon2, it is a native module: the build stage needs a compiler, the runtime stage must not have one, and the binding has to be built against the same Node version and platform the runtime stage uses.",Sprint 8,,S8 Auth Service
LEAP1T1,The Four Endpoints Against the Contract,Story,High,"*Acceptance Criteria:* \\  \\ * POST /auth/register, POST /auth/login, POST /auth/refresh and GET /auth/me are implemented and match contracts/auth-api.yaml, including the error envelope and every code in it. \\  \\ *Tasks:* \\  \\ Return 201 and a user response from registration, and issue no tokens from it. \\ Refuse a registration naming a trading account that does not exist, because accounts are owned by the Sprint 3 schema. \\ Return 200 and a token response from login and from refresh. \\ Protect /auth/me with a bearer token and read the identity from the verified token, never from a parameter the client controls. \\ Validate inputs with class-validator and return VAL-422 where the contract says so, and AUTH-409 for a username already taken. \\ Use the platform envelope, {""errorCode"": ..., ""message"": ...} and nothing else. \\  \\ *Unit Test Execution Paths:* \\  \\ # registration succeeds for a new user and issues no token \\ # registration for an existing username answers AUTH-409 \\ # registration naming an unknown account fails validation \\ # login succeeds and returns a token pair \\ # refresh returns a new pair for a valid refresh token \\ # /auth/me answers from the verified token and not from a request parameter \\  \\ *Integration Test* \\  \\ Exercise register, login, refresh and /auth/me against the running service and its Postgres store. \\  \\ *Notes:* \\  \\ * An unauthenticated route that mints a session is an authentication bypass as soon as it has its first defect, so the client logs in afterwards. \\ * AUTH-409 extends the catalogue and is scoped to this service, because registration is not a trading operation.",Sprint 8,,S8 Auth Service
LEAP1T1,Password Storage and Never Logging a Credential,Story,High,"*Acceptance Criteria:* \\  \\ * Passwords are stored with argon2id, or with bcrypt at cost 12 or above, and a plaintext password never reaches a log or a repository. \\ * The cost factors are a decision the team can defend. \\  \\ *Tasks:* \\  \\ Choose parameters that make one verification take on the order of a tenth of a second on the hardware you deploy to, and write down what you chose and why. \\ Never use MD5, SHA-256 or an unsalted digest of any kind. \\ Log through one logger that redacts by key name at any depth, so a nested object cannot smuggle a field past you. \\ Never pass a whole request body to a log call. Pass the fields you actually want instead. \\  \\ *Unit Test Execution Paths:* \\  \\ # a correct password verifies \\ # an incorrect password fails verification \\ # a plaintext password never reaches the repository layer \\  \\ *Notes:* \\  \\ * A general-purpose hash is built to be fast, and fast is the one property a password hash must not have. A stolen table of SHA-256 digests is a stolen table of passwords by the weekend. \\ * Too low a cost and an offline attacker gets the same speedup you did. Too high and your login route becomes the cheapest denial-of-service target in the platform. \\ * A log call that names a credential field is the easy one to find. The indirect routes, an error object serialised whole or a stack trace, are what the review asks about.",Sprint 8,,S8 Auth Service
LEAP1T1,Access Token Issuance with Exactly the Claims Contract,Story,High,"*Acceptance Criteria:* \\  \\ * The access token carries sub, accountId, roles, iat and exp, plus the iss the contract also defines, and nothing else. \\ * It is signed HS256 with the secret in JWT_SECRET and expires fifteen minutes after issue. \\  \\ *Tasks:* \\  \\ Carry sub as the stable user identifier and not the username, because a username can change. \\ Carry accountId as the numeric trading account key, which the Trade REST API compares against the account in the request. \\ Carry roles as a non-empty array of CUSTOMER or ADMIN. \\ Set iss to auth-service, so that during the cutover a team can decode a token and see which implementation signed it. Consumers must not require a particular value for it. \\  \\ *Unit Test Execution Paths:* \\  \\ # a token is issued with exactly the contractual claims \\ # the expiry is fifteen minutes after the issued-at time \\ # the signature verifies with the service key \\  \\ *Notes:* \\  \\ * Anything beyond those six claims is a finding, not a bonus. The payload is base64 and not encryption: paste one into any decoder and read it. \\ * Removing a claim after Sprint 9 has generated a client from it is not a configuration change.",Sprint 8,,S8 Auth Service
LEAP1T1,Refresh Rotation and Reuse Detection,Story,High,"*Acceptance Criteria:* \\  \\ * A refresh rotates the refresh token itself, the presented token stops working at that instant, and presenting a consumed token revokes every live refresh token for that user and answers AUTH-401. \\  \\ *Tasks:* \\  \\ Store a hash of the refresh token rather than the token, so that read access to your database is not session takeover. \\ Make the consumption conditional in the statement that performs it, the way Sprint 6 made the account update conditional on the version. \\ Kill the old value in your store before the response is written. \\ Treat a second presentation as theft, because the service cannot tell a repeated client request from a stolen token. \\  \\ *Unit Test Execution Paths:* \\  \\ # a refresh issues a new pair and the old refresh token stops working \\ # a consumed refresh token presented again answers AUTH-401 \\ # reuse revokes the whole chain for that user \\  \\ *Notes:* \\  \\ * An access token cannot be withdrawn. It is verified by signature alone, and fifteen minutes is the size of that compromise. The refresh token is the opposite: opaque, stored and revocable. \\ * Without rotation a thief holds a seven-day credential and uses it quietly, and the real user notices nothing because their own token still works.",Sprint 8,,S8 Auth Service
LEAP1T1,One Answer for Every Failure,Story,High,"*Acceptance Criteria:* \\  \\ * An unknown username and a wrong password answer with the same status, the same body and comparable timing. \\  \\ *Tasks:* \\  \\ Answer AUTH-401 with the same message for an unknown user, a wrong password, an expired token, a wrongly signed token, a consumed refresh token and a malformed header. \\ Answer 401 for all of them. A 404 for an unknown user and a 401 for a bad password is the same disclosure written in the status line. \\ Where the username is not found, verify the supplied password against a fixed dummy hash of the same algorithm and the same parameters, discard the result and return the same failure. \\ Build a throttle on the login route, and record its cooldown and its attempt count in the sprint README, so anyone testing the uniform failure can wait out your window. \\  \\ *Unit Test Execution Paths:* \\  \\ # an unknown user and a wrong password produce identical status and body \\ # both paths perform one password verification \\ # a throttled request is refused without leaking which credential was wrong \\  \\ *Notes:* \\  \\ * If the unknown-user path returns as soon as the lookup misses, it answers in a millisecond while the wrong-password path spends a tenth of a second verifying a hash. An attacker with a username list and a stopwatch reads your customer base off the response times. \\ * Throttling is not a substitute for the uniform failure. It limits how fast an attacker can use an oracle you left open, rather than closing it.",Sprint 8,,S8 Auth Service
LEAP1T1,The Guard and its Two Named Jest Paths,Story,High,"*Acceptance Criteria:* \\  \\ * Jest covers the guard, including a passing test for the expired-token path and one for the wrong-signature path, and the suite runs without a database and without an HTTP server. \\  \\ *Tasks:* \\  \\ Build the expired case by signing a genuine token with a past exp, not by corrupting the payload, which the signature check would catch first. \\ Build the wrong-signature case by signing a genuine, unexpired token with a different key. \\ Verify the signature before any claim is read. \\  \\ *Unit Test Execution Paths:* \\  \\ # a valid token is accepted \\ # a token with an exp in the past is refused \\ # a well-formed token with a wrong signature is refused before a claim is read \\ # a malformed token is refused \\  \\ *Notes:* \\  \\ * A guard that checks the signature and forgets the clock accepts every token it ever issued, forever. \\ * Expect to be asked at the review for tests covering the identical failure for an unknown user and a wrong password, rotation and replay, and the fact that a plaintext password never reaches your repository.",Sprint 8,,S8 Auth Service
LEAP1T1,OpenAPI Served by the Running Service,Story,Medium,"*Acceptance Criteria:* \\  \\ * The running service publishes its own OpenAPI document, describing all four routes, at paths recorded in the sprint README. \\  \\ *Tasks:* \\  \\ Generate the document from the decorators on your controller and DTOs and serve it from the process. \\ Record the human page and the JSON document paths in the sprint README. \\  \\ *Notes:* \\  \\ * A YAML file maintained by hand beside the code drifts from the code within a fortnight. The document that matters is the one describing what is deployed. \\ * The generated document is not a replacement for contracts/auth-api.yaml, which remains the source of truth binding both implementations. It is the evidence that your code still matches it.",Sprint 8,,S8 Auth Service
LEAP1T1,Retire the Stub by Configuration Only,Story,High,"*Acceptance Criteria:* \\  \\ * A token from this service is accepted by a protected Trade REST API route with no Java changed, and the stub is removed from docker-compose.yml. \\  \\ *Tasks:* \\  \\ Point the compose service that answers on the auth port at your service and remove the auth-stub service. \\ Read the same JWT_SECRET the Trade REST API verifies with. \\ Where the Trade REST API pins an issuer, move that setting to your issuer through the environment. \\ Configure the database connection for the credential store. \\ Write the parity check the stub's README asks for: sign with both implementations and cross-verify the claim names, types, algorithm and lifetime. \\ Decide whether to keep or rotate the stub's published development secret, and record the decision in the security review. \\ Bring the git diff to the review showing no Java changed. \\  \\ *Integration Test* \\  \\ Obtain a token from your service, call a protected Trade REST API route with it, then repeat with a token signed by a key the platform should not trust and confirm it is refused. \\  \\ *Notes:* \\  \\ * Not a small code change, and not only a configuration class: no Java changes. If yours needs one, something in the Trade REST API is coupled to the fixture rather than to the token. The usual culprits are a hard-coded issuer string, a claim read with a name the stub happened to use, and a verifier that decoded before it verified. \\ * The stub's development secret is published in its own README, so anyone who has read this repository can mint a token your consumers accept for as long as that secret is in use.",Sprint 8,,S8 Auth Service
LEAP1T1,OWASP Security Review of the Auth Flow,Story,High,"*Acceptance Criteria:* \\  \\ * A security review is committed in security-review/, differs from the template, and carries a written finding and a written disposition for every category. \\  \\ *Tasks:* \\  \\ Copy security-review/TEMPLATE.md to a file of your own, name it in the sprint README, and fill it in as you build rather than the night before. \\ Cover A01 broken access control, A02 cryptographic failures, A03 injection, A04 insecure design, A05 security misconfiguration, A06 vulnerable and outdated components, A07 identification and authentication failures, and A09 security logging and monitoring failures. \\ Where the finding is none, justify it in a sentence naming what you checked. \\ Where the disposition is accepted, say what the residual risk is and why the team is carrying it. \\  \\ *Notes:* \\  \\ * None with nothing beside it is indistinguishable from a category nobody looked at. \\ * Every category needs both cells filled. Whether the sentence is true is read by your instructor.",Sprint 8,,S8 Auth Service
LEAP1T1,Trading UI (Angular),Epic,Medium,"*Acceptance Criteria:* \\  \\ * The Angular application signs in against the real Auth service and delivers the dashboard, the order ticket and the blotter. \\ * Its API clients are generated from contracts/ rather than hand-written, one interceptor attaches the bearer token to platform calls and to nothing else, and route guards block and redirect. \\ * Every error code in both catalogues renders as a readable message, Playwright covers three journeys, and no API key or secret is present in the built bundle. \\  \\ *Notes:* \\  \\ * Every API this application consumes already exists and your team wrote all of it. Nothing here is blocked on a service somebody else has to finish. \\ * Execution is asynchronous. The Trade REST API answers before the fill exists. An interface that renders the response to POST /api/v1/orders as the outcome shows NEW and stops, and the team goes looking for a defect in the Trade Executor that is not there. \\ * Standalone components and signals throughout. No NgModules anywhere. \\ * Security focus: the interceptor allow list, guards as a usability control rather than a security control, and a bundle that is public by definition (OWASP A01, A03, A05).",Sprint 9,S9 Angular UI,
LEAP1T1,Typed Clients Generated from the Contracts,Story,High,"*Acceptance Criteria:* \\  \\ * Both clients are produced by npm run generate from contracts/trade-api.yaml and contracts/auth-api.yaml, committed under src/app/core/api/, and identical to a fresh regeneration. \\  \\ *Tasks:* \\  \\ Run npm run generate, which reads openapitools.json and runs the OpenAPI Generator twice, into the trade and auth client directories. \\ Commit the generated output rather than ignoring it, so a clone builds with no Java runtime and no network and a contract change arrives as a diff a reviewer can read. \\ Regenerate after every contract change and commit the result in the same commit as the code that adapts to it. \\ Never edit a file inside the generated tree, and never reformat it. Wrap an awkward shape in a service of your own under src/app/core/services/. \\ Move the providers out of the placeholder bootstrap into an ApplicationConfig, write a real root component and declare your routes. \\  \\ *Notes:* \\  \\ * When a contract changes a field, a generated client stops compiling at every call site that used it, and a hand-written one keeps compiling and starts returning undefined at runtime. That is the whole reason the contract exists. \\ * Regenerate both clients into a temporary directory and diff them against what you committed. A file inside the generated tree that the generator did not write is what that diff is there to catch.",Sprint 9,,S9 Angular UI
LEAP1T1,Sign-In Against the Real Auth Service,Story,High,"*Acceptance Criteria:* \\  \\ * A user signs in end to end against the running Auth service, the token is stored, and the session is cleared on sign-out. \\  \\ *Tasks:* \\  \\ Build the login feature with a username field, a password field and a submit button, each carrying a stable data-testid. \\ Show a readable error on a refused sign-in and redirect on success. \\ Keep the two API origins in src/environments/ in step, because a value added to one and not the other is a runtime undefined the compiler cannot see. \\  \\ *Unit Test Execution Paths:* \\  \\ # valid credentials sign in and redirect \\ # refused credentials show the readable error rather than the raw message \\ # empty fields are blocked before submission \\ # signing out clears the session \\  \\ *Notes:* \\  \\ * The Auth service and the retired stub implement the same contract and both listen on the same port, so pointing this application at one or the other is a change to one line. That is the whole of the no code change criterion from Sprint 8.",Sprint 9,,S9 Angular UI
LEAP1T1,The Bearer Token Interceptor,Story,High,"*Acceptance Criteria:* \\  \\ * One functional interceptor, registered once, is the only place in the application that sets an Authorization header. \\ * It attaches the token to the platform APIs and to nothing else, decided by an allow list of configured origins. \\  \\ *Tasks:* \\  \\ Attach the token to the Trade REST API and to the protected Auth route, and not to /auth/login, /auth/register or /auth/refresh, which take no header. \\ Decide by comparing the outgoing URL against the origins you configured, never by excluding a list of hosts you happened to think of. \\ Let no component and no service build the header for itself. \\  \\ *Unit Test Execution Paths:* \\  \\ # a request to your platform API carries the header \\ # a request to a third-party origin does not carry the header \\ # the unauthenticated auth routes carry no header \\  \\ *Notes:* \\  \\ * An interceptor that adds the header to every outbound request hands a live session token to whatever host that request was going to. It arrives in that third party's access log, their analytics pipeline and their error tracker, and it stays in all three long after your fifteen minutes are up. That is a reportable security incident with a named customer attached. \\ * An allow list fails closed when somebody adds a new third party. A deny list fails open, silently.",Sprint 9,,S9 Angular UI
LEAP1T1,Route Guards and the Redirect,Story,High,"*Acceptance Criteria:* \\  \\ * The sign-in route is the only route an unauthenticated visitor may reach, and every other route redirects them to sign in, carrying where they were going. \\  \\ *Tasks:* \\  \\ Redirect rather than rendering an empty screen or a shell with no data. \\ Return the user to where they were going after sign-in. \\ Accept a return address only if it is a path on this origin. \\  \\ *Unit Test Execution Paths:* \\  \\ # an unauthenticated visitor is redirected to sign in \\ # an authenticated visitor reaches the guarded route \\ # a return address pointing off this origin is refused \\  \\ *Notes:* \\  \\ * An open redirect on a trading login page is a phishing kit somebody else assembles for free. \\ * Say this out loud once, because it is asked at the review: the guard is a usability control, not a security control. The bundle is public and every route in it is readable. Authorisation is the Trade REST API's decision.",Sprint 9,,S9 Angular UI
LEAP1T1,Dashboard Screen,Story,Medium,"*Acceptance Criteria:* \\  \\ * The dashboard shows the holder, the cash balance and the open positions, read from the account endpoints, with navigation to the order ticket and the blotter. \\  \\ *Tasks:* \\  \\ Read the account, balance and positions endpoints through the generated client. \\ Put the response into a signal and let the template read the signal, rather than filling the template with async pipes and unmanaged subscriptions. \\ Derive anything the template computes with a computed rather than an effect that sets another signal. \\  \\ *Unit Test Execution Paths:* \\  \\ # balance and positions render from the API \\ # navigation reaches the order ticket and the blotter \\ # an account with no positions renders an empty state",Sprint 9,,S9 Angular UI
LEAP1T1,Order Ticket with Client-Side Validation,Story,High,"*Acceptance Criteria:* \\  \\ * The order ticket validates before submission and places an order through the Trade REST API, rendering whatever status comes back. \\  \\ *Tasks:* \\  \\ Validate quantity as a whole number greater than zero, price as greater than zero with at most two decimal places, and the symbol against the shape the contract allows. \\ Render the account read-only, as the one the token says this session may trade. \\ Handle a response of NEW as a normal outcome rather than as a failure. \\  \\ *Unit Test Execution Paths:* \\  \\ # a valid order submits and shows the returned status \\ # an invalid quantity is blocked before the wire \\ # a price with three decimal places is blocked before the wire \\ # a business-rule rejection renders the mapped message \\  \\ *Notes:* \\  \\ * An account field the user can edit is an authorisation decision moved into the browser. \\ * Client-side validation is not enforcement. Business rules 1 to 8 live in the Trade REST API and stay there. The form exists so the obvious mistakes never reach the wire, and the error rendering exists because the rest of them will.",Sprint 9,,S9 Angular UI
LEAP1T1,Rendering Every Code in the Catalogue,Story,High,"*Acceptance Criteria:* \\  \\ * Every error code across both contracts renders as a readable message, branched on errorCode and never on the message text. \\  \\ *Tasks:* \\  \\ Map all eight codes: ACC-404, ACC-403, INS-404, ORD-400, ORD-409, VAL-422, AUTH-401 and AUTH-409, each into a sentence a trader can act on. \\ Handle the two cases that are in neither catalogue: a response the browser never received, which arrives as status 0, and a code you have never seen, which needs a fallback sentence rather than a blank panel. \\ Treat this as a mapping with a completeness property, not as a switch statement you extend when somebody reports a blank screen. \\  \\ *Unit Test Execution Paths:* \\  \\ # every catalogue code resolves to a non-empty message \\ # an unknown code resolves to the fallback sentence \\ # a status 0 response renders a readable explanation \\  \\ *Notes:* \\  \\ * The message field is written for a developer reading a log and changes without notice. Never show it to a trader as the explanation. \\ * Read the codes straight out of the contracts and check every one against your mapping. An unmapped code surfacing raw at the review, or as an empty box, is a finding.",Sprint 9,,S9 Angular UI
LEAP1T1,Blotter with Status Badges and an Order at NEW,Story,High,"*Acceptance Criteria:* \\  \\ * The blotter lists every order for the account, newest first, rejections included, with a badge for each of NEW, FILLED, REJECTED and CANCELLED. \\ * An order sitting at NEW is brought up to date by a bounded mechanism the team can defend. \\  \\ *Tasks:* \\  \\ Carry the word as well as the colour on every badge, because roughly one man in twelve cannot separate red from green. \\ Re-read order history on an interval while anything is at NEW, or offer a refresh the user can press, or both. \\ Bound whatever you choose: stop when nothing is at NEW, stop after a sensible number of attempts, and say on screen that the order is still working rather than pretending it has finished. \\ Re-read order history and never re-post the order. The same idempotency key answers ORD-409, and a new one places a second order. \\  \\ *Unit Test Execution Paths:* \\  \\ # order history renders newest first with rejections included \\ # an order at NEW renders as working rather than as an error \\ # polling stops once nothing is at NEW \\ # an empty history renders an empty state rather than a blank screen \\  \\ *Notes:* \\  \\ * A blotter that hides rejected orders is worse than no blotter. The rejection is the record that the desk tried and was refused, and it is the first thing anyone looks for when a customer rings. \\ * NEW is not an error state, not a stalled request and not a defect in Sprint 7. Neither contract offers a push channel to the browser, so there is no option that avoids the question.",Sprint 9,,S9 Angular UI
LEAP1T1,Three Playwright Journeys,Story,High,"*Acceptance Criteria:* \\  \\ * Sign in, place an order and view history each run as their own spec against the running stack, and no journey depends on another having run first. \\  \\ *Tasks:* \\  \\ Cover the guard redirect, a refused sign-in, a successful sign-in and arriving where you were going, in the sign-in journey. \\ Cover the read-only account, a rejection before submission and a placed order with whatever status came back, in the place-order journey. \\ Cover the columns, the badges and an empty state rather than a blank screen, in the history journey. \\ Read the base URL, both API origins, the credentials, the account and the symbol from the E2E environment variables the brief names. \\ Start each journey from a clean sign-in and leave nothing behind that another journey needs. \\ Record the login throttle cooldown in the sprint README if your Auth service throttles the login route, so a journey that signs in repeatedly can wait it out. \\  \\ *Notes:* \\  \\ * These run against your real services. Unit tests already cover the pieces, and an end-to-end test that talks to a stub proves nothing about integration. \\ * Order-placement assertions accept NEW, FILLED or REJECTED. A spec that asserts FILLED fails the week the executor is switched on, which is the wrong signal from a test. \\ * Do not weaken the throttle to make a journey pass.",Sprint 9,,S9 Angular UI
LEAP1T1,No API Key and No Secret in the Built Bundle,Story,High,"*Acceptance Criteria:* \\  \\ * The production bundle contains no market-data key, no market-data host and no signing secret, and the application never calls the Fauxnance API. \\  \\ *Tasks:* \\  \\ Build with npm run build and search the output for key-shaped names, for the market-data host, and for a signing secret or a JWT written into source. \\ Confirm no literal value from the repository root .env appears in the bundle. \\ Route any price the browser needs through a service of your own that holds the key server-side. \\  \\ *Notes:* \\  \\ * There is no private part of a front-end build. Minification is not obfuscation, and a source map is the source back again. \\ * A market-data key in the bundle is a key published. Revoke it, do not delete it. \\ * A signing secret in the browser lets any reader mint a token the whole platform accepts.",Sprint 9,,S9 Angular UI
LEAP1T1,Extension Module (Team's Choice),Epic,Medium,"*Acceptance Criteria:* \\  \\ * The team chooses exactly one extension from the catalogue of six, confirms its scope with an instructor on day one, and builds it as a module inside the Trade REST API, integrated end to end. \\ * Every route the module adds enforces its own authorisation against the verified token, the module integrates with Kafka or with the endpoints built in Sprint 6, and it is reachable from the Angular application. \\ * An OWASP security review is completed and its findings addressed, the SonarQube gate passes, and an architecture decision log is committed. \\  \\ *Notes:* \\  \\ * US and Ireland policy is exactly one extension. Assessment is depth, integration quality and the security review for that one extension. A narrow extension built properly is worth more than a wide one built thinly, and two half-built extensions are worth less than either of them finished. \\ * No new technology is taught, and there is no new deployable either. The service you extend already boots, already verifies tokens and already holds a database connection, so the feature starts on Monday afternoon rather than after two days of wiring. \\ * Authorisation gets harder in this shape, not easier. A route that returns another customer's portfolio is now a bug inside the same application that holds the order book, so the security review has more to find, not less. \\ * Process is assessed alongside product. The decision log and the security review are half of the deliverable, not paperwork attached to the build. \\ * The six stories below are the catalogue. The team builds one of them.",Sprint 10,S10 Extension Module,
LEAP1T1,"Extension Selection, Scope Confirmation and Backlog",Story,High,"*Acceptance Criteria:* \\  \\ * One extension is chosen from the catalogue of six and its scope is confirmed with an instructor on day one. \\ * A backlog of stories with acceptance criteria exists before any code is written. \\  \\ *Tasks:* \\  \\ Read all six briefs under sprint-10-extensions/catalogue/ before arguing about any of them: Portfolio and P&L, Trade advice and signals, Watchlists and price alerts, Customer notifications, Customer preferences and personalisation, Automated strategy execution. \\ Bring to the day-one review what you intend to build by Friday, what you have decided not to build, and the API you propose to expose. For five of the six the API design is yours; for Portfolio and P&L the contract is already written. \\ Record the chosen identifier in the sprint README, and use the same identifier as the package name inside the Trade REST API. \\ Write the backlog in your tracker on Monday, so that on Wednesday it tells you whether the scope you agreed is still the scope you are building. \\ Run the sprint yourselves: plan it, split it, track it and review each other's pull requests. \\  \\ *Notes:* \\  \\ * Scope confirmed on day one is an acceptance criterion, not a courtesy. \\ * A backlog assembled on Friday morning from the commits is visible as one, and it is worth less to you than to anybody marking it.",Sprint 10,,S10 Extension Module
LEAP1T1,Platform Requirements Every Extension Must Meet,Story,High,"*Acceptance Criteria:* \\  \\ * The extension is a package inside the Trade REST API with its own routes, its own service layer, its own tables where it needs them, and its own README. \\ * Every route it adds runs behind the JWT verification the service already performs, and compares the accountId claim against the resource being addressed before it reads anything. \\ * It integrates with Kafka or with the endpoints built in Sprint 6, and is reachable from a screen in the Angular application. \\ * It runs on live data at the demonstration. \\  \\ *Tasks:* \\  \\ Place the module in its own package inside the Trade REST API, beside the domain package, with its controllers, services and mappers inside it. There is no new container, no new port and no new compose entry. \\ Do not treat the check as done because the request already reached a verified route. Verification says who the caller is; authorisation says what this route may show them, and it is per route. \\ Refuse a valid token that addresses another customer's resource. Verification is not authorisation. \\ Write the API as OpenAPI before the controller, keep the {errorCode, message} envelope, and extend the platform error catalogue only where nothing in it fits. \\ Generate the Angular client from your OpenAPI document the way the other clients are generated. A route that answers only to curl does not meet the criterion. \\ Set an explicit group.id for every consumer the module adds, list it in the module README, and share it with no other module. One process now holds several consumer groups, and separate ids are what keep their offsets apart. \\ Read the Fauxnance key from the environment and never let it reach the browser. \\  \\ *Notes:* \\  \\ * A route that returns another customer's data to a valid token is the finding this sprint's security review exists to catch, and it now sits in the same application as the order book. \\ * Fixtures belong in the test suite. A demonstration that runs on them is demonstrating the fixture.",Sprint 10,,S10 Extension Module
LEAP1T1,Extension: Portfolio and P&L,Story,Medium,"*Acceptance Criteria:* \\  \\ * Routes on the Trade REST API implementing contracts/portfolio-api.yaml expose priced holdings, cost basis, unrealised and realised profit and loss, and a total the customer can act on. \\  \\ *Tasks:* \\  \\ Build to the contract: the three routes and the health check, the exact field names, the error catalogue including MKT-503, and what the response carries when a price is unavailable for some instruments rather than all of them. \\ Read accounts, instruments and positions through the code that already owns them, and own whatever else you need in tables of your own. Treat the trading tables as read-only from this module. \\ Price holdings from Fauxnance batch quotes, up to 25 symbols in one call. \\ Take realised profit and loss from trade-events, booked at the moment of a sale and never recomputed. \\ Choose where cash comes from, the balance code already in this service or a query of your own, and say why. \\  \\ *Unit Test Execution Paths:* \\  \\ # market value and cost basis are computed correctly for a known trade set \\ # the realised and unrealised split is correct \\ # a price unavailable for one instrument does not fail the whole response \\ # a token for another account is refused \\  \\ *Notes:* \\  \\ * Catalogue option. Read the description block in the contract before designing anything: the definitions of cost basis, market value, and unrealised and realised profit and loss are in there and they are most of the assessment. \\ * The common error is computing realised profit and loss from today's price. Realised profit and loss has nothing to do with today's price.",Sprint 10,,S10 Extension Module
LEAP1T1,Extension: Trade Advice and Signals,Story,Medium,"*Acceptance Criteria:* \\  \\ * A module turns market data into a stated view on an instrument, a buy, a sell or a hold, with the reason it was generated and the numbers behind it. \\  \\ *Tasks:* \\  \\ Consume market-data in group advice-service for anything that reacts to now rather than to yesterday's close. \\ Pull historical candles from Fauxnance for anything with a lookback window: a moving average, a volatility estimate, a support level. \\ Cache end-of-day candles, since they do not change during the day, and be able to say how long for. \\ Decide whether a signal is recomputed on every market-data tick or on a fixed interval, and record the reasoning. \\ Surface the direction, the strength and the stated reason in the Angular application. \\ Decide what a signal is allowed to claim, and keep the boundary sharp: this module informs a customer who trades, it does not trade. \\  \\ *Unit Test Execution Paths:* \\  \\ # a signal is generated with its reasoning and the numbers behind it \\ # no signal is produced when the lookback data is insufficient \\ # a token for another account is refused \\  \\ *Notes:* \\  \\ * Catalogue option. The API is yours: write it as OpenAPI before the controller and bring it to your instructor on day one. \\ * Merging this with automated execution removes the one control a customer has over their own capital.",Sprint 10,,S10 Extension Module
LEAP1T1,Extension: Watchlists and Price Alerts,Story,Medium,"*Acceptance Criteria:* \\  \\ * A module owns the instruments a customer is tracking and the thresholds they want to be told about, and a triggered threshold is delivered to the customer. \\  \\ *Tasks:* \\  \\ Consume market-data in group watchlist-service and check every quote against the active thresholds for that symbol. \\ Index the lookup on the hot path deliberately, because every quote for every symbol arrives here. \\ Let a customer watch something they have never traded. A watchlist entry is not a position. \\ Reference instruments and positions through the code that already serves them rather than copying them into tables of your own. \\ Define what crossed means: a threshold above the price triggers when the price rises through it, one below triggers when it falls through it. \\ Decide what happens after a trigger, since firing on every quote past the level sends a customer forty messages in a minute, and record why. \\ Deliver the alert through a route that reaches the customer, not to a log. \\  \\ *Unit Test Execution Paths:* \\  \\ # a threshold breach triggers an alert \\ # no alert fires below the threshold \\ # repeated quotes past the level do not produce repeated alerts, per your stated behaviour \\ # a watchlist is scoped to the authenticated customer \\  \\ *Notes:* \\  \\ * Catalogue option. The API is yours: write it as OpenAPI before the controller and bring it to your instructor on day one. \\ * Do not consume orders or trade-events. Neither says anything about what a customer is curious about.",Sprint 10,,S10 Extension Module
LEAP1T1,Extension: Customer Notifications,Story,Medium,"*Acceptance Criteria:* \\  \\ * A module turns a trade event into a message the customer actually receives, on the channel they chose, and keeps a history they can read. \\  \\ *Tasks:* \\  \\ Consume trade-events in group notification-service and treat ORDER_FILLED, ORDER_REJECTED and ORDER_CANCELLED as newsworthy. \\ Resolve the channel from wherever the preference is held before sending. A logging stub is acceptable for a channel you cannot provision, provided the routing decision is real. \\ Track queued, sent and failed separately from the Kafka offset, and commit the offset once the notification is durably recorded for delivery. \\ Key on the event identifier and make a second attempt a no-op, because Kafka delivers at least once. \\ Show the same history as an inbox in the Angular application. \\  \\ *Unit Test Execution Paths:* \\  \\ # a qualifying event produces one notification \\ # a duplicated event produces no second notification \\ # the configured channel is honoured \\ # a failing external channel does not stall the partition \\  \\ *Notes:* \\  \\ * Catalogue option. The API is yours: write it as OpenAPI before the controller and bring it to your instructor on day one. \\ * Consumption and delivery are two different failures, and separating them is the design problem in this module. An email provider having a bad afternoon should not back up every other account on the partition.",Sprint 10,,S10 Extension Module
LEAP1T1,Extension: Customer Preferences and Personalisation,Story,Medium,"*Acceptance Criteria:* \\  \\ * A module owns the customer settings the rest of the platform needs, serves them to a settings screen, and answers other callers synchronously. \\  \\ *Tasks:* \\  \\ Persist the preference set: the channel to reach the customer on, the currency to show totals in, the instruments to put on the front of the dashboard. \\ Build the settings screen in the Angular application for reading and writing the set. \\ Agree the sprint's integration surface with your instructor on day one, since this module consumes no topic by default. Publishing a preference-changed event, or resolving account details through the account code already in the service, are two answers. \\ Decide the default when no preference has been set, what a caller does when this module raises rather than answers, and whether that caller fails open or fails closed, and record each as a decision. \\ Copy nothing the accounts tables already own. \\  \\ *Unit Test Execution Paths:* \\  \\ # a preference is saved and read back \\ # a preference is applied on the next sign-in \\ # preferences are scoped to the authenticated customer \\ # a caller receives the documented default when no preference has been set \\  \\ *Notes:* \\  \\ * Catalogue option. The API is yours: write it as OpenAPI before the controller and bring it to your instructor on day one. \\ * Availability matters more than feature surface here. Another module calls this one on a path that decides whether a customer gets told about their own trade.",Sprint 10,,S10 Extension Module
LEAP1T1,Extension: Automated Strategy Execution,Story,Medium,"*Acceptance Criteria:* \\  \\ * A module runs a customer's rules against the price stream and places orders through the order placement path when the conditions are met, with bounded damage and an immediate off switch. \\  \\ *Tasks:* \\  \\ Consume market-data in group strategy-service for the prices entry and exit conditions are evaluated against, and trade-events for what happened to the orders this module placed. \\ Place orders through the POST /api/v1/orders path this service already exposes, authenticated, with a strategy-generated idempotency key. Do not produce to orders directly and do not write the order rows yourself. \\ Decide the identity a strategy trades under, since a strategy runs when nobody is signed in and cannot borrow a customer's access token, and write the reasoning down. \\ Bound the damage: a maximum spend, a maximum position, and limits that hold when the rule fires repeatedly. \\ Give the customer and an operator a way to see whether a strategy is enabled, read what it has done and why, and turn it off with immediate effect. \\  \\ *Unit Test Execution Paths:* \\  \\ # a strategy triggers on its stated condition \\ # no action is taken when the condition is not met \\ # an order is placed through the Trade REST API rather than onto the topic \\ # a disabled strategy places nothing \\ # the spend and position bounds hold when the rule fires repeatedly \\  \\ *Notes:* \\  \\ * Catalogue option. The API is yours: write it as OpenAPI before the controller and bring it to your instructor on day one. \\ * Publishing straight onto the topic, or writing the order rows directly, skips the business rules and the idempotency check, which are the two things standing between a strategy bug and an unrecoverable position. Sharing a process with them is not the same as going through them. \\ * A defect here does not render the wrong number on a screen. It spends a customer's money.",Sprint 10,,S10 Extension Module
LEAP1T1,OWASP Security Review with Findings Addressed,Story,High,"*Acceptance Criteria:* \\  \\ * A security review of the new routes is committed, covers the full Top Ten, and every finding is fixed, mitigated or accepted with the residual risk stated. \\  \\ *Tasks:* \\  \\ Copy the template from sprint-08-auth-service/security-review/, retitle it for your extension and name your copy in the sprint README. \\ Start with the access-control row. Every brief in the catalogue names the same first risk, because every one of these extensions holds data belonging to one customer and is reachable with a token belonging to another, from inside the application that holds the order book. \\ Disposition a category that genuinely does not apply as out of scope with the reason, rather than deleting it. \\ Record a fix with its commit, a mitigation with what limits the exposure, and an acceptance with the decision the team took. \\ Put anything still open on Friday in the outstanding items table with an owner against it. \\  \\ *Notes:* \\  \\ * The criterion is not a review that exists, it is a review whose findings were dealt with. \\ * A category with nothing in it is the one worth asking about.",Sprint 10,,S10 Extension Module
LEAP1T1,SonarQube Quality Gate on the New Code,Story,Medium,"*Acceptance Criteria:* \\  \\ * The SonarQube gate passes on the extension, on the same terms as Sprint 7. \\  \\ *Tasks:* \\  \\ Run the scan during the week rather than on Friday. \\ Bring the gate result to the review with the analysis date and the project key. \\ Be ready to talk about anything you marked as will not fix. \\  \\ *Notes:* \\  \\ * A gate run once, at the end, against a week of code produces a list nobody has time to act on, which is how a quality gate turns into a formality.",Sprint 10,,S10 Extension Module
LEAP1T1,Architecture Decision Log,Story,Medium,"*Acceptance Criteria:* \\  \\ * decision-log/ holds one file per decision, using the template's shape, giving the reasoning for each significant choice. \\  \\ *Tasks:* \\  \\ Write entries as you take the decisions, not in the last hour of the sprint. \\ Write an entry when reversing the choice later would cost more than an afternoon, when a competent engineer would have chosen the other option, or when somebody asked why and the answer took a paragraph. \\ State what was true when the decision was taken, give an option that was genuinely considered and rejected, name the thing that decided it, and admit a cost. \\ Aim for four to six entries. Twenty is a changelog and one is not a log. \\  \\ *Notes:* \\  \\ * The log is read at the final showcase in Sprint 11. \\ * A log assembled at the end records what you built, which everyone can already see, and loses the thing that makes it worth reading: what you nearly did instead, and why you did not. It also reads exactly like what it is.",Sprint 10,,S10 Extension Module
LEAP1T1,Cloud Deployment and the Final Showcase (AWS),Epic,High,"*Acceptance Criteria:* \\  \\ * The Angular build is served over HTTPS through a CloudFront distribution, from a private S3 bucket reachable only through an origin access control. \\ * Deployment is one script covering build, upload and invalidation, run by an identity scoped to that bucket and that distribution, with no long-lived key in the repository. \\ * The authenticated flows are verified against the deployed front end, and the team gives a live demonstration to the panel. \\  \\ *Notes:* \\  \\ * Only the Angular application is deployed. Postgres, Kafka, the Trade REST API with your extension in it, the Auth service, the Trade Executor and the pipeline all stay on Docker Compose. \\ * AWS scope is IAM, the AWS CLI, S3 and CloudFront, and only this week. Nothing else in the CLI is in scope. \\ * A Fidelity platform SME briefs the cohort on Fidelity's own AWS guardrails before any hands-on cloud work. That session is a briefing, not a lab, and nobody deploys to anything belonging to Fidelity. \\ * Tear the deployment down when you are told to, on the day you are told to, and check it is gone rather than assuming it is. \\ * Security focus: a private origin trusting exactly one named caller, least-privilege deploy credentials, TLS enforced, and a bundle that is now a public object (OWASP A05).",Sprint 11,S11 Cloud Deployment,
LEAP1T1,"Guardrails Briefing, Region and the AWS CLI",Story,Medium,"*Acceptance Criteria:* \\  \\ * The team has attended the guardrails briefing before any hands-on cloud work, has chosen one region and uses it everywhere, and has the AWS CLI authenticated. \\  \\ *Tasks:* \\  \\ Attend the SME briefing first. Nothing in the IAM or deployment work is attempted before it. \\ Pick the region nearest the cohort and use the same one for the rest of the week. \\ Configure a named AWS CLI profile rather than exporting keys into your shell history, and verify access. \\ Confirm the current free usage terms before relying on them. \\  \\ *Notes:* \\  \\ * Region names appear in bucket endpoints, in ARNs and in CLI calls. A distribution pointed at a bucket in a region you half-migrated away from produces error messages that read like something else entirely. \\ * If a call reports that your bucket must be addressed using a different endpoint, you have two regions in play, not a broken bucket.",Sprint 11,,S11 Cloud Deployment
LEAP1T1,Private S3 Bucket Holding the Angular Build,Story,High,"*Acceptance Criteria:* \\  \\ * The bucket holds the production Angular build, blocks all public access, and returns access denied when it is addressed directly. \\  \\ *Tasks:* \\  \\ Create the bucket with public access blocked. \\ Upload the production build output. \\ Set cache headers deliberately on upload: the hashed assets are content-addressed and can be cached for a very long time, and index.html is the pointer to which hashed assets are current and must never be served stale. \\ Confirm the bucket's own endpoints refuse. \\  \\ *Notes:* \\  \\ * A public bucket policy fails this sprint even with a working site on screen. The bucket endpoint serves over plain HTTP as well as HTTPS, anything in the bucket becomes world-readable to anyone who guesses the name, and no cache, compression or error-page rule can sit in front of an origin being read directly.",Sprint 11,,S11 Cloud Deployment
LEAP1T1,CloudFront Distribution with Origin Access Control,Story,High,"*Acceptance Criteria:* \\  \\ * A CloudFront distribution fronts the bucket, terminates TLS, serves the application over HTTPS, and is the only reader the bucket accepts. \\  \\ *Tasks:* \\  \\ Create the origin access control and make it the credential the bucket trusts. \\ Create the distribution with the S3 origin, and configure its behaviours and cache policies. \\ Confirm the *.cloudfront.net domain serves the application and the bucket endpoint refuses. \\  \\ *Notes:* \\  \\ * Origin access control means the origin trusts exactly one caller, named and verified. A public policy means the origin trusts the internet and hopes that the only thing pointing at it is your CDN. The first is a control. The second is a convention. \\ * A distribution that has just been created takes minutes to reach Deployed and answers oddly until it does.",Sprint 11,,S11 Cloud Deployment
LEAP1T1,Router Deep Links Behind Origin Access Control,Story,Medium,"*Acceptance Criteria:* \\  \\ * Refreshing the page on any route other than the root serves the application rather than an error. \\  \\ *Tasks:* \\  \\ Work out what a request for a key that does not exist returns behind an origin access control, and why it is not a 404. \\ Work out what the distribution has to be told to do about it, and configure that. \\ Test a refresh on a deep route, not only on the root. \\  \\ *Notes:* \\  \\ * Your Angular router owns paths for which there is no object in the bucket. It is one setting and it will be the first thing the panel finds if you have not.",Sprint 11,,S11 Cloud Deployment
LEAP1T1,The Deployment Cycle as One Entry Point,Story,High,"*Acceptance Criteria:* \\  \\ * Deployment is a single script covering build, upload and invalidation, and a second run against the same commit leaves the deployment working and in the same state. \\  \\ *Tasks:* \\  \\ Start at a clean install and a production build, not at whatever files happen to be in the build output directory. \\ Upload so that the bucket ends up holding this build and not a mixture of this build and the last one. \\ Invalidate the CloudFront cache, so the next request gets what you just uploaded rather than what the edge is still holding. \\ Test the second run by running it twice and loading the site in between, not by reasoning about it. \\  \\ *Notes:* \\  \\ * Skipping the invalidation produces the most expensive bug of the week: you deploy a fix, you load the link, you see the old application, and you spend an hour debugging code that is not running. \\ * Not a sequence of commands in a teammate's shell history, not a runbook of five steps a person executes in order, and not a console upload.",Sprint 11,,S11 Cloud Deployment
LEAP1T1,Scoped Deploy Identity and Credential Handling,Story,High,"*Acceptance Criteria:* \\  \\ * The deploy identity can write objects into one named bucket and create an invalidation on one named distribution, and nothing else. \\ * No long-lived key is in the repository, in any branch, and none is in the history of this sprint's files. \\  \\ *Tasks:* \\  \\ Keep the setup identity and the deploy identity separate. The setup identity is broad by necessity, used by a human, by hand, once. \\ Work out the actions each statement in iam/policy-skeleton.json has to permit, from your own upload command, and replace the placeholder ARNs with your bucket, account and distribution. \\ Note that the bucket-level statement has no /* on its resource ARN and the object-level statement does. \\ Store the credential pair where the thing that needs it can read it and nobody else can: a named AWS CLI profile, not an export in your shell history and not a file in the repository. \\ Keep the region, the bucket name and the distribution id as script arguments or environment variables rather than secrets. \\  \\ *Notes:* \\  \\ * If your deploy credentials were pasted into a public issue tomorrow, the worst an attacker could do is replace the contents of a training front end. That containment is the whole point of the exercise. \\ * A key that was committed and then deleted is still a disclosed key and still fails the review.",Sprint 11,,S11 Cloud Deployment
LEAP1T1,Authenticated Flows Verified from the Deployed Front End,Story,High,"*Acceptance Criteria:* \\  \\ * Signing in, placing an order and watching it reach the blotter all work when driven from the CloudFront domain rather than from the development server. \\  \\ *Tasks:* \\  \\ Decide what the deployed build points at for the API base URL, and how that address gets into the build without becoming a value someone edits by hand before every deploy. \\ Work out what has to change so that a page served over HTTPS from your distribution may read responses from your Trade REST API and Auth service, where that change belongs, and what the mixed-content rule does to an HTTPS page calling a plain HTTP API. \\ Decide whether allowing every origin is an acceptable answer for a service that holds customer positions, and record the decision. \\ Run the whole authenticated journey from the deployed URL. \\  \\ *Notes:* \\  \\ * A deployed page that renders is not a deployed application. \\ * An address is not a secret, a key is. \\ * If you reach Thursday with the deployed page loading but the authenticated flow only working locally, say so plainly at the showcase, demonstrate what does work, and explain the blocker. A team that understands its own gap is in a better position than a team that hides it behind a screen recording.",Sprint 11,,S11 Cloud Deployment
LEAP1T1,No Secret in the Deployed Bundle,Story,High,"*Acceptance Criteria:* \\  \\ * The bundles the deployed page references contain no market-data key, no market-data host and no signing secret. \\  \\ *Tasks:* \\  \\ Fetch the JavaScript the deployed page references and run the Sprint 9 secret patterns over it. \\ Confirm no literal value from the repository root .env appears in the deployed output. \\  \\ *Notes:* \\  \\ * The bundle is now a public object on a CDN, fetched by anyone who opens the link and cached at edge locations you do not control. A key that reaches it has been disclosed, and disclosure is not undone by a later commit that removes it.",Sprint 11,,S11 Cloud Deployment
LEAP1T1,Showcase Checklist and Rehearsal,Story,Medium,"*Acceptance Criteria:* \\  \\ * showcase/CHECKLIST.md is filled in and committed during the week, and the team has rehearsed against a clock at least twice with the stack running. \\  \\ *Tasks:* \\  \\ Split the demonstration so that every member presents a section, and rotate who explains what during rehearsal so you find the gaps while there is time to close them. \\ Budget roughly half the slot to the live platform demonstration, a quarter to the design decisions and the quality story, and the rest to questions. \\ Agree the fallback before you are standing up: what you show if live data moves under you, the quota bites or a container is down, who notices and who says it. \\  \\ *Notes:* \\  \\ * The checklist is the artefact the panel reads before you start, and the thing your team argues over while there is still time for the argument to be useful. \\ * A demonstration that overruns is stopped, and what gets cut is the end, which is where the quality story lives.",Sprint 11,,S11 Cloud Deployment
LEAP1T1,The Final Showcase,Story,High,"*Acceptance Criteria:* \\  \\ * The team gives a live demonstration to the panel covering the platform, the extension, design decisions, Copilot usage and the code-quality story. \\  \\ *Tasks:* \\  \\ Demonstrate a customer signing in, placing an order and seeing it filled, showing the path through the services while it happens rather than a diagram of it afterwards. \\ Show the extension running on live data, why that one, and what you deliberately left out. \\ Take two or three choices from your decision log that you would defend, and say what you rejected as well as what you chose. \\ Say where Copilot helped, where it was wrong, and what you did to know the difference. \\ Bring the numbers rather than the adjectives for the quality story: the SonarQube gate, the security reviews, the tests, the Sprint 7 refactoring and the Sprint 10 findings you closed. \\  \\ *Notes:* \\  \\ * Every member of the team can be asked about any component, including the parts they did not write. \\ * A team that says Copilot was useful everywhere has not been paying attention, and a team that says it was never used has not either.",Sprint 11,,S11 Cloud Deployment
